<?xml version="1.0" encoding="UTF-8" ?>
<!DOCTYPE ldml SYSTEM "../../common/dtd/ldml.dtd">
<!--
Copyright © 1991-2021 Unicode, Inc.
CLDR data files are interpreted according to the LDML specification (http://unicode.org/reports/tr35/)
For terms of use, see http://www.unicode.org/copyright.html
-->
<ldml>
    <identity>
        <version number="$Revision$"/>
        <language type="de"/>
    </identity>
    <rbnf>
        <rulesetGrouping type="SpelloutRules">
            <ruleset type="spellout-numbering-year">
                <rbnfrule value="-x">minus →→;</rbnfrule>
                <rbnfrule value="x.x">=0.0=;</rbnfrule>
                <rbnfrule value="0">=%spellout-numbering=;</rbnfrule>
                <rbnfrule value="1100" radix="100">←←­hundert[­→→];</rbnfrule>
                <rbnfrule value="2000">=%spellout-numbering=;</rbnfrule>
            </ruleset>
            <ruleset type="spellout-numbering">
                <rbnfrule value="-x">minus →→;</rbnfrule>
                <rbnfrule value="x.x">←← Komma →→;</rbnfrule>
                <rbnfrule value="0">null;</rbnfrule>
                <rbnfrule value="1">eins;</rbnfrule>
                <rbnfrule value="2">zwei;</rbnfrule>
                <rbnfrule value="3">drei;</rbnfrule>
                <rbnfrule value="4">vier;</rbnfrule>
                <rbnfrule value="5">fünf;</rbnfrule>
                <rbnfrule value="6">sechs;</rbnfrule>
                <rbnfrule value="7">sieben;</rbnfrule>
                <rbnfrule value="8">acht;</rbnfrule>
                <rbnfrule value="9">neun;</rbnfrule>
                <rbnfrule value="10">zehn;</rbnfrule>
                <rbnfrule value="11">elf;</rbnfrule>
                <rbnfrule value="12">zwölf;</rbnfrule>
                <rbnfrule value="13">→→zehn;</rbnfrule>
                <rbnfrule value="16">sechzehn;</rbnfrule>
                <rbnfrule value="17">siebzehn;</rbnfrule>
                <rbnfrule value="18">→→zehn;</rbnfrule>
                <rbnfrule value="20">[→%spellout-cardinal-masculine→­und­]zwanzig;</rbnfrule>
                <rbnfrule value="30">[→%spellout-cardinal-masculine→­und­]dreißig;</rbnfrule>
                <rbnfrule value="40">[→%spellout-cardinal-masculine→­und­]vierzig;</rbnfrule>
                <rbnfrule value="50">[→%spellout-cardinal-masculine→­und­]fünfzig;</rbnfrule>
                <rbnfrule value="60">[→%spellout-cardinal-masculine→­und­]sechzig;</rbnfrule>
                <rbnfrule value="70">[→%spellout-cardinal-masculine→­und­]siebzig;</rbnfrule>
                <rbnfrule value="80">[→%spellout-cardinal-masculine→­und­]achtzig;</rbnfrule>
                <rbnfrule value="90">[→%spellout-cardinal-masculine→­und­]neunzig;</rbnfrule>
                <rbnfrule value="100">←%spellout-cardinal-masculine←­hundert[­→→];</rbnfrule>
                <rbnfrule value="1000">←%spellout-cardinal-masculine←­tausend[­→→];</rbnfrule>
                <rbnfrule value="1000000">eine Million[ →→];</rbnfrule>
                <rbnfrule value="2000000">←%spellout-cardinal-feminine← Millionen[ →→];</rbnfrule>
                <rbnfrule value="1000000000">eine Milliarde[ →→];</rbnfrule>
                <rbnfrule value="2000000000">←%spellout-cardinal-feminine← Milliarden[ →→];</rbnfrule>
                <rbnfrule value="1000000000000">eine Billion[ →→];</rbnfrule>
                <rbnfrule value="2000000000000">←%spellout-cardinal-feminine← Billionen[ →→];</rbnfrule>
                <rbnfrule value="1000000000000000">eine Billiarde[ →→];</rbnfrule>
                <rbnfrule value="2000000000000000">←%spellout-cardinal-feminine← Billiarden[ →→];</rbnfrule>
                <rbnfrule value="1000000000000000000">=#,##0=;</rbnfrule>
            </ruleset>
            <!--
            Here is what the inflection table looks like for this language, and how they map to the various rule names.
            case        masculine                feminine                 neuter
            nominative  ein (cardinal-masculine) eine (cardinal-feminine) ein (cardinal-neuter)
            genitive    eines (cardinal-s)       einer (cardinal-r)       eines (cardinal-s)
            dative      einem (cardinal-m)       einer (cardinal-r)       einem (cardinal-m)
            accusative  einen (cardinal-n)       eine (cardinal-feminine) ein (cardinal-neuter)
            -->
            <ruleset type="spellout-cardinal-neuter">
                <rbnfrule value="0">=%spellout-cardinal-masculine=;</rbnfrule>
            </ruleset>
            <ruleset type="spellout-cardinal-masculine">
                <rbnfrule value="-x">minus →→;</rbnfrule>
                <rbnfrule value="x.x">←← Komma →→;</rbnfrule>
                <rbnfrule value="0">null;</rbnfrule>
                <rbnfrule value="1">ein;</rbnfrule>
                <rbnfrule value="2">=%spellout-numbering=;</rbnfrule>
                <rbnfrule value="100">←%spellout-cardinal-masculine←­hundert[­→→];</rbnfrule>
                <rbnfrule value="1000">←%spellout-cardinal-masculine←­tausend[­→→];</rbnfrule>
                <rbnfrule value="1000000">eine Million[ →→];</rbnfrule>
                <rbnfrule value="2000000">←%spellout-cardinal-feminine← Millionen[ →→];</rbnfrule>
                <rbnfrule value="1000000000">eine Milliarde[ →→];</rbnfrule>
                <rbnfrule value="2000000000">←%spellout-cardinal-feminine← Milliarden[ →→];</rbnfrule>
                <rbnfrule value="1000000000000">eine Billion[ →→];</rbnfrule>
                <rbnfrule value="2000000000000">←%spellout-cardinal-feminine← Billionen[ →→];</rbnfrule>
                <rbnfrule value="1000000000000000">eine Billiarde[ →→];</rbnfrule>
                <rbnfrule value="2000000000000000">←%spellout-cardinal-feminine← Billiarden[ →→];</rbnfrule>
                <rbnfrule value="1000000000000000000">=#,##0=;</rbnfrule>
            </ruleset>
            <ruleset type="spellout-cardinal-feminine">
                <rbnfrule value="-x">minus →→;</rbnfrule>
                <rbnfrule value="x.x">←← Komma →→;</rbnfrule>
                <rbnfrule value="0">null;</rbnfrule>
                <rbnfrule value="1">eine;</rbnfrule>
                <rbnfrule value="2">=%spellout-numbering=;</rbnfrule>
                <rbnfrule value="100">←%spellout-cardinal-masculine←­hundert[­→→];</rbnfrule>
                <rbnfrule value="1000">←%spellout-cardinal-masculine←­tausend[­→→];</rbnfrule>
                <rbnfrule value="1000000">eine Million[ →→];</rbnfrule>
                <rbnfrule value="2000000">←%spellout-cardinal-feminine← Millionen[ →→];</rbnfrule>
                <rbnfrule value="1000000000">eine Milliarde[ →→];</rbnfrule>
                <rbnfrule value="2000000000">←%spellout-cardinal-feminine← Milliarden[ →→];</rbnfrule>
                <rbnfrule value="1000000000000">eine Billion[ →→];</rbnfrule>
                <rbnfrule value="2000000000000">←%spellout-cardinal-feminine← Billionen[ →→];</rbnfrule>
                <rbnfrule value="1000000000000000">eine Billiarde[ →→];</rbnfrule>
                <rbnfrule value="2000000000000000">←%spellout-cardinal-feminine← Billiarden[ →→];</rbnfrule>
                <rbnfrule value="1000000000000000000">=#,##0=;</rbnfrule>
            </ruleset>
            <ruleset type="spellout-cardinal-n">
                <rbnfrule value="-x">minus →→;</rbnfrule>
                <rbnfrule value="x.x">←← Komma →→;</rbnfrule>
                <rbnfrule value="0">null;</rbnfrule>
                <rbnfrule value="1">einen;</rbnfrule>
                <rbnfrule value="2">=%spellout-numbering=;</rbnfrule>
                <rbnfrule value="100">←%spellout-cardinal-masculine←­hundert[­→→];</rbnfrule>
                <rbnfrule value="1000">←%spellout-cardinal-masculine←­tausend[­→→];</rbnfrule>
                <rbnfrule value="1000000">eine Million[ →→];</rbnfrule>
                <rbnfrule value="2000000">←%spellout-cardinal-feminine← Millionen[ →→];</rbnfrule>
                <rbnfrule value="1000000000">eine Milliarde[ →→];</rbnfrule>
                <rbnfrule value="2000000000">←%spellout-cardinal-feminine← Milliarden[ →→];</rbnfrule>
                <rbnfrule value="1000000000000">eine Billion[ →→];</rbnfrule>
                <rbnfrule value="2000000000000">←%spellout-cardinal-feminine← Billionen[ →→];</rbnfrule>
                <rbnfrule value="1000000000000000">eine Billiarde[ →→];</rbnfrule>
                <rbnfrule value="2000000000000000">←%spellout-cardinal-feminine← Billiarden[ →→];</rbnfrule>
                <rbnfrule value="1000000000000000000">=#,##0=;</rbnfrule>
            </ruleset>
            <ruleset type="spellout-cardinal-r">
                <rbnfrule value="-x">minus →→;</rbnfrule>
                <rbnfrule value="x.x">←← Komma →→;</rbnfrule>
                <rbnfrule value="0">null;</rbnfrule>
                <rbnfrule value="1">einer;</rbnfrule>
                <rbnfrule value="2">=%spellout-numbering=;</rbnfrule>
                <rbnfrule value="100">←%spellout-cardinal-masculine←­hundert[­→→];</rbnfrule>
                <rbnfrule value="1000">←%spellout-cardinal-masculine←­tausend[­→→];</rbnfrule>
                <rbnfrule value="1000000">eine Million[ →→];</rbnfrule>
                <rbnfrule value="2000000">←%spellout-cardinal-feminine← Millionen[ →→];</rbnfrule>
                <rbnfrule value="1000000000">eine Milliarde[ →→];</rbnfrule>
                <rbnfrule value="2000000000">←%spellout-cardinal-feminine← Milliarden[ →→];</rbnfrule>
                <rbnfrule value="1000000000000">eine Billion[ →→];</rbnfrule>
                <rbnfrule value="2000000000000">←%spellout-cardinal-feminine← Billionen[ →→];</rbnfrule>
                <rbnfrule value="1000000000000000">eine Billiarde[ →→];</rbnfrule>
                <rbnfrule value="2000000000000000">←%spellout-cardinal-feminine← Billiarden[ →→];</rbnfrule>
                <rbnfrule value="1000000000000000000">=#,##0=;</rbnfrule>
            </ruleset>
            <ruleset type="spellout-cardinal-s">
                <rbnfrule value="-x">minus →→;</rbnfrule>
                <rbnfrule value="x.x">←← Komma →→;</rbnfrule>
                <rbnfrule value="0">null;</rbnfrule>
                <rbnfrule value="1">eines;</rbnfrule>
                <rbnfrule value="2">=%spellout-numbering=;</rbnfrule>
                <rbnfrule value="100">←%spellout-cardinal-masculine←­hundert[­→→];</rbnfrule>
                <rbnfrule value="1000">←%spellout-cardinal-masculine←­tausend[­→→];</rbnfrule>
                <rbnfrule value="1000000">eine Million[ →→];</rbnfrule>
                <rbnfrule value="2000000">←%spellout-cardinal-feminine← Millionen[ →→];</rbnfrule>
                <rbnfrule value="1000000000">eine Milliarde[ →→];</rbnfrule>
                <rbnfrule value="2000000000">←%spellout-cardinal-feminine← Milliarden[ →→];</rbnfrule>
                <rbnfrule value="1000000000000">eine Billion[ →→];</rbnfrule>
                <rbnfrule value="2000000000000">←%spellout-cardinal-feminine← Billionen[ →→];</rbnfrule>
                <rbnfrule value="1000000000000000">eine Billiarde[ →→];</rbnfrule>
                <rbnfrule value="2000000000000000">←%spellout-cardinal-feminine← Billiarden[ →→];</rbnfrule>
                <rbnfrule value="1000000000000000000">=#,##0=;</rbnfrule>
            </ruleset>
            <ruleset type="spellout-cardinal-m">
                <rbnfrule value="-x">minus →→;</rbnfrule>
                <rbnfrule value="x.x">←← Komma →→;</rbnfrule>
                <rbnfrule value="0">null;</rbnfrule>
                <rbnfrule value="1">einem;</rbnfrule>
                <rbnfrule value="2">=%spellout-numbering=;</rbnfrule>
                <rbnfrule value="100">←%spellout-cardinal-masculine←­hundert[­→→];</rbnfrule>
                <rbnfrule value="1000">←%spellout-cardinal-masculine←­tausend[­→→];</rbnfrule>
                <rbnfrule value="1000000">eine Million[ →→];</rbnfrule>
                <rbnfrule value="2000000">←%spellout-cardinal-feminine← Millionen[ →→];</rbnfrule>
                <rbnfrule value="1000000000">eine Milliarde[ →→];</rbnfrule>
                <rbnfrule value="2000000000">←%spellout-cardinal-feminine← Milliarden[ →→];</rbnfrule>
                <rbnfrule value="1000000000000">eine Billion[ →→];</rbnfrule>
                <rbnfrule value="2000000000000">←%spellout-cardinal-feminine← Billionen[ →→];</rbnfrule>
                <rbnfrule value="1000000000000000">eine Billiarde[ →→];</rbnfrule>
                <rbnfrule value="2000000000000000">←%spellout-cardinal-feminine← Billiarden[ →→];</rbnfrule>
                <rbnfrule value="1000000000000000000">=#,##0=;</rbnfrule>
            </ruleset>
            <ruleset type="ste" access="private">
                <rbnfrule value="0">ste;</rbnfrule>
                <rbnfrule value="1">­=%spellout-ordinal=;</rbnfrule>
            </ruleset>
            <ruleset type="ste2" access="private">
                <rbnfrule value="0">ste;</rbnfrule>
                <rbnfrule value="1">' =%spellout-ordinal=;</rbnfrule>
            </ruleset>
            <ruleset type="spellout-ordinal">
                <rbnfrule value="-x">minus →→;</rbnfrule>
                <rbnfrule value="x.x">=#,##0.#=;</rbnfrule>
                <rbnfrule value="0">nullte;</rbnfrule>
                <rbnfrule value="1">erste;</rbnfrule>
                <rbnfrule value="2">zweite;</rbnfrule>
                <rbnfrule value="3">dritte;</rbnfrule>
                <rbnfrule value="4">vierte;</rbnfrule>
                <rbnfrule value="5">fünfte;</rbnfrule>
                <rbnfrule value="6">sechste;</rbnfrule>
                <rbnfrule value="7">siebte;</rbnfrule>
                <rbnfrule value="8">achte;</rbnfrule>
                <rbnfrule value="9">=%spellout-numbering=te;</rbnfrule>
                <rbnfrule value="20">=%spellout-numbering=ste;</rbnfrule>
                <rbnfrule value="100">←%spellout-cardinal-masculine←­hundert→%%ste→;</rbnfrule>
                <rbnfrule value="1000">←%spellout-cardinal-masculine←­tausend→%%ste→;</rbnfrule>
                <rbnfrule value="1000000">eine Million→%%ste2→;</rbnfrule>
                <rbnfrule value="2000000">←%spellout-cardinal-feminine← Millionen→%%ste2→;</rbnfrule>
                <rbnfrule value="1000000000">eine Milliarde→%%ste2→;</rbnfrule>
                <rbnfrule value="2000000000">←%spellout-cardinal-feminine← Milliarden→%%ste2→;</rbnfrule>
                <rbnfrule value="1000000000000">eine Billion→%%ste→;</rbnfrule>
                <rbnfrule value="2000000000000">←%spellout-cardinal-feminine← Billionen→%%ste2→;</rbnfrule>
                <rbnfrule value="1000000000000000">eine Billiarde→%%ste2→;</rbnfrule>
                <rbnfrule value="2000000000000000">←%spellout-cardinal-feminine← Billiarden→%%ste2→;</rbnfrule>
                <rbnfrule value="1000000000000000000">=#,##0=.;</rbnfrule>
            </ruleset>
            <ruleset type="spellout-ordinal-n">
                <rbnfrule value="-x">minus →→;</rbnfrule>
                <rbnfrule value="x.x">=#,##0.#=;</rbnfrule>
                <rbnfrule value="0">=%spellout-ordinal=n;</rbnfrule>
            </ruleset>
            <ruleset type="spellout-ordinal-r">
                <rbnfrule value="-x">minus →→;</rbnfrule>
                <rbnfrule value="x.x">=#,##0.#=;</rbnfrule>
                <rbnfrule value="0">=%spellout-ordinal=r;</rbnfrule>
            </ruleset>
            <ruleset type="spellout-ordinal-s">
                <rbnfrule value="-x">minus →→;</rbnfrule>
                <rbnfrule value="x.x">=#,##0.#=;</rbnfrule>
                <rbnfrule value="0">=%spellout-ordinal=s;</rbnfrule>
            </ruleset>
            <ruleset type="spellout-ordinal-m">
                <rbnfrule value="-x">minus →→;</rbnfrule>
                <rbnfrule value="x.x">=#,##0.#=;</rbnfrule>
                <rbnfrule value="0">=%spellout-ordinal=m;</rbnfrule>
            </ruleset>
        </rulesetGrouping>
    </rbnf>
</ldml>
