<?xml version="1.0" encoding="UTF-8" ?>
<!DOCTYPE ldml SYSTEM "../../common/dtd/ldml.dtd">
<!--
Copyright © 1991-2013 Unicode, Inc.
CLDR data files are interpreted according to the LDML specification (http://unicode.org/reports/tr35/)
For terms of use, see http://www.unicode.org/copyright.html
-->
<ldml>
    <identity>
        <version number="$Revision$"/>
        <language type="el"/>
    </identity>
    <rbnf>
        <rulesetGrouping type="SpelloutRules">
            <ruleset type="spellout-numbering-year">
                <rbnfrule value="x.x">=0.0=;</rbnfrule>
                <rbnfrule value="0">=%spellout-numbering=;</rbnfrule>
            </ruleset>
            <ruleset type="spellout-numbering">
                <rbnfrule value="0">=%spellout-cardinal-neuter=;</rbnfrule>
            </ruleset>
            <ruleset type="spellout-cardinal-masculine">
                <rbnfrule value="-x">μείον →→;</rbnfrule>
                <rbnfrule value="x.x">←← κόμμα →→;</rbnfrule>
                <rbnfrule value="0">μηδέν;</rbnfrule>
                <rbnfrule value="1">ένας;</rbnfrule>
                <rbnfrule value="2">δύο;</rbnfrule>
                <rbnfrule value="3">τρεις;</rbnfrule>
                <rbnfrule value="4">τέσσερις;</rbnfrule>
                <rbnfrule value="5">πέντε;</rbnfrule>
                <rbnfrule value="6">έξι;</rbnfrule>
                <rbnfrule value="7">επτά;</rbnfrule>
                <rbnfrule value="8">οκτώ;</rbnfrule>
                <rbnfrule value="9">εννέα;</rbnfrule>
                <rbnfrule value="10">δέκα;</rbnfrule>
                <rbnfrule value="11">έντεκα;</rbnfrule>
                <rbnfrule value="12">δώδεκα;</rbnfrule>
                <rbnfrule value="13">δεκα­→→;</rbnfrule>
                <rbnfrule value="20">είκοσι[ →→];</rbnfrule>
                <rbnfrule value="30">τριάντα[ →→];</rbnfrule>
                <rbnfrule value="40">σαράντα[ →→];</rbnfrule>
                <rbnfrule value="50">πενήντα[ →→];</rbnfrule>
                <rbnfrule value="60">εξήντα[ →→];</rbnfrule>
                <rbnfrule value="70">εβδομήντα[ →→];</rbnfrule>
                <rbnfrule value="80">ογδόντα[ →→];</rbnfrule>
                <rbnfrule value="90">εννενήντα[ →→];</rbnfrule>
                <rbnfrule value="100">εκατό[ν →→];</rbnfrule>
                <rbnfrule value="200">διακόσιοι[ →→];</rbnfrule>
                <rbnfrule value="300">τριακόσιοι[ →→];</rbnfrule>
                <rbnfrule value="400">τετρακόσιοι[ →→];</rbnfrule>
                <rbnfrule value="500">πεντακόσιοι[ →→];</rbnfrule>
                <rbnfrule value="600">εξακόσιοι[ →→];</rbnfrule>
                <rbnfrule value="700">επτακόσιοι[ →→];</rbnfrule>
                <rbnfrule value="800">οκτακόσιοι[ →→];</rbnfrule>
                <rbnfrule value="900">εννιακόσιοι[ →→];</rbnfrule>
                <rbnfrule value="1000">χίλιοι[ →→];</rbnfrule>
                <rbnfrule value="2000">←%spellout-cardinal-feminine← χίλιάδες[ →→];</rbnfrule>
                <rbnfrule value="1000000">←%spellout-cardinal-neuter← εκατομμύριο[ →→];</rbnfrule>
                <rbnfrule value="2000000">←%spellout-cardinal-neuter← εκατομμύρια[ →→];</rbnfrule>
                <rbnfrule value="1000000000">←%spellout-cardinal-neuter← δισεκατομμύριο[ →→];</rbnfrule>
                <rbnfrule value="2000000000">←%spellout-cardinal-neuter← δισεκατομμύρια[ →→];</rbnfrule>
                <rbnfrule value="1000000000000">←%spellout-cardinal-neuter← τρισεκατομμύριο[ →→];</rbnfrule>
                <rbnfrule value="2000000000000">←%spellout-cardinal-neuter← τρισεκατομμύρια[ →→];</rbnfrule>
                <rbnfrule value="1000000000000000">←%spellout-cardinal-neuter← τετράκις εκατομμύριο[ →→];</rbnfrule>
                <rbnfrule value="2000000000000000">←%spellout-cardinal-neuter← τετράκις εκατομμύρια[ →→];</rbnfrule>
                <rbnfrule value="1000000000000000000">=#,##0=;</rbnfrule>
            </ruleset>
            <ruleset type="spellout-cardinal-feminine">
                <rbnfrule value="-x">μείον →→;</rbnfrule>
                <rbnfrule value="x.x">←← κόμμα →→;</rbnfrule>
                <rbnfrule value="0">μηδέν;</rbnfrule>
                <rbnfrule value="1">μία;</rbnfrule>
                <rbnfrule value="2">δύο;</rbnfrule>
                <rbnfrule value="3">τρεις;</rbnfrule>
                <rbnfrule value="4">τέσσερις;</rbnfrule>
                <rbnfrule value="5">πέντε;</rbnfrule>
                <rbnfrule value="6">έξι;</rbnfrule>
                <rbnfrule value="7">επτά;</rbnfrule>
                <rbnfrule value="8">οκτώ;</rbnfrule>
                <rbnfrule value="9">εννέα;</rbnfrule>
                <rbnfrule value="10">δέκα;</rbnfrule>
                <rbnfrule value="11">έντεκα;</rbnfrule>
                <rbnfrule value="12">δώδεκα;</rbnfrule>
                <rbnfrule value="13">δεκα­→→;</rbnfrule>
                <rbnfrule value="20">είκοσι[ →→];</rbnfrule>
                <rbnfrule value="30">τριάντα[ →→];</rbnfrule>
                <rbnfrule value="40">σαράντα[ →→];</rbnfrule>
                <rbnfrule value="50">πενήντα[ →→];</rbnfrule>
                <rbnfrule value="60">εξήντα[ →→];</rbnfrule>
                <rbnfrule value="70">εβδομήντα[ →→];</rbnfrule>
                <rbnfrule value="80">ογδόντα[ →→];</rbnfrule>
                <rbnfrule value="90">εννενήντα[ →→];</rbnfrule>
                <rbnfrule value="100">εκατό[ν →→];</rbnfrule>
                <rbnfrule value="200">διακόσιες[ →→];</rbnfrule>
                <rbnfrule value="300">τριακόσιες[ →→];</rbnfrule>
                <rbnfrule value="400">τετρακόσιες[ →→];</rbnfrule>
                <rbnfrule value="500">πεντακόσιες[ →→];</rbnfrule>
                <rbnfrule value="600">εξακόσιες[ →→];</rbnfrule>
                <rbnfrule value="700">επτακόσιες[ →→];</rbnfrule>
                <rbnfrule value="800">οκτακόσιες[ →→];</rbnfrule>
                <rbnfrule value="900">εννιακόσιες[ →→];</rbnfrule>
                <rbnfrule value="1000">χίλιες[ →→];</rbnfrule>
                <rbnfrule value="2000">←%spellout-cardinal-feminine← χίλιάδες[ →→];</rbnfrule>
                <rbnfrule value="1000000">←%spellout-cardinal-neuter← εκατομμύριο[ →→];</rbnfrule>
                <rbnfrule value="2000000">←%spellout-cardinal-neuter← εκατομμύρια[ →→];</rbnfrule>
                <rbnfrule value="1000000000">←%spellout-cardinal-neuter← δισεκατομμύριο[ →→];</rbnfrule>
                <rbnfrule value="2000000000">←%spellout-cardinal-neuter← δισεκατομμύρια[ →→];</rbnfrule>
                <rbnfrule value="1000000000000">←%spellout-cardinal-neuter← τρισεκατομμύριο[ →→];</rbnfrule>
                <rbnfrule value="2000000000000">←%spellout-cardinal-neuter← τρισεκατομμύρια[ →→];</rbnfrule>
                <rbnfrule value="1000000000000000">←%spellout-cardinal-neuter← τετράκις εκατομμύριο[ →→];</rbnfrule>
                <rbnfrule value="2000000000000000">←%spellout-cardinal-neuter← τετράκις εκατομμύρια[ →→];</rbnfrule>
                <rbnfrule value="1000000000000000000">=#,##0=;</rbnfrule>
            </ruleset>
            <ruleset type="spellout-cardinal-neuter">
                <rbnfrule value="-x">μείον →→;</rbnfrule>
                <rbnfrule value="x.x">←← κόμμα →→;</rbnfrule>
                <rbnfrule value="0">μηδέν;</rbnfrule>
                <rbnfrule value="1">ένα;</rbnfrule>
                <rbnfrule value="2">δύο;</rbnfrule>
                <rbnfrule value="3">τρία;</rbnfrule>
                <rbnfrule value="4">τέσσερα;</rbnfrule>
                <rbnfrule value="5">πέντε;</rbnfrule>
                <rbnfrule value="6">έξι;</rbnfrule>
                <rbnfrule value="7">επτά;</rbnfrule>
                <rbnfrule value="8">οκτώ;</rbnfrule>
                <rbnfrule value="9">εννέα;</rbnfrule>
                <rbnfrule value="10">δέκα;</rbnfrule>
                <rbnfrule value="11">έντεκα;</rbnfrule>
                <rbnfrule value="12">δώδεκα;</rbnfrule>
                <rbnfrule value="13">δεκα­→→;</rbnfrule>
                <rbnfrule value="20">είκοσι[ →→];</rbnfrule>
                <rbnfrule value="30">τριάντα[ →→];</rbnfrule>
                <rbnfrule value="40">σαράντα[ →→];</rbnfrule>
                <rbnfrule value="50">πενήντα[ →→];</rbnfrule>
                <rbnfrule value="60">εξήντα[ →→];</rbnfrule>
                <rbnfrule value="70">εβδομήντα[ →→];</rbnfrule>
                <rbnfrule value="80">ογδόντα[ →→];</rbnfrule>
                <rbnfrule value="90">εννενήντα[ →→];</rbnfrule>
                <rbnfrule value="100">εκατό[ν →→];</rbnfrule>
                <rbnfrule value="200">διακόσια[ →→];</rbnfrule>
                <rbnfrule value="300">τριακόσια[ →→];</rbnfrule>
                <rbnfrule value="400">τετρακόσια[ →→];</rbnfrule>
                <rbnfrule value="500">πεντακόσια[ →→];</rbnfrule>
                <rbnfrule value="600">εξακόσια[ →→];</rbnfrule>
                <rbnfrule value="700">επτακόσια[ →→];</rbnfrule>
                <rbnfrule value="800">οκτακόσια[ →→];</rbnfrule>
                <rbnfrule value="900">εννιακόσια[ →→];</rbnfrule>
                <rbnfrule value="1000">χίλια[ →→];</rbnfrule>
                <rbnfrule value="2000">←%spellout-cardinal-feminine← χίλιάδες[ →→];</rbnfrule>
                <rbnfrule value="1000000">←%spellout-cardinal-neuter← εκατομμύριο[ →→];</rbnfrule>
                <rbnfrule value="2000000">←%spellout-cardinal-neuter← εκατομμύρια[ →→];</rbnfrule>
                <rbnfrule value="1000000000">←%spellout-cardinal-neuter← δισεκατομμύριο[ →→];</rbnfrule>
                <rbnfrule value="2000000000">←%spellout-cardinal-neuter← δισεκατομμύρια[ →→];</rbnfrule>
                <rbnfrule value="1000000000000">←%spellout-cardinal-neuter← τρισεκατομμύριο[ →→];</rbnfrule>
                <rbnfrule value="2000000000000">←%spellout-cardinal-neuter← τρισεκατομμύρια[ →→];</rbnfrule>
                <rbnfrule value="1000000000000000">←%spellout-cardinal-neuter← τετράκις εκατομμύριο[ →→];</rbnfrule>
                <rbnfrule value="2000000000000000">←%spellout-cardinal-neuter← τετράκις εκατομμύρια[ →→];</rbnfrule>
                <rbnfrule value="1000000000000000000">=#,##0=;</rbnfrule>
            </ruleset>
            <ruleset type="spellout-ordinal-masculine">
                <rbnfrule value="-x">μείον →→;</rbnfrule>
                <rbnfrule value="x.x">=#,##0.#=;</rbnfrule>
                <rbnfrule value="0">μηδενικός;</rbnfrule>
                <rbnfrule value="1">πρώτος;</rbnfrule>
                <rbnfrule value="2">δεύτερος;</rbnfrule>
                <rbnfrule value="3">τρίτος;</rbnfrule>
                <rbnfrule value="4">τέταρτος;</rbnfrule>
                <rbnfrule value="5">πέμπτος;</rbnfrule>
                <rbnfrule value="6">έκτος;</rbnfrule>
                <rbnfrule value="7">έβδομος;</rbnfrule>
                <rbnfrule value="8">όγδοος;</rbnfrule>
                <rbnfrule value="9">ένατος;</rbnfrule>
                <rbnfrule value="10">δέκατος;</rbnfrule>
                <rbnfrule value="11">ενδέκατος;</rbnfrule>
                <rbnfrule value="12">δωδέκατος;</rbnfrule>
                <rbnfrule value="13">δέκατος[ →→];</rbnfrule>
                <rbnfrule value="20">εικοστός[ →→];</rbnfrule>
                <rbnfrule value="30">τριακοστός[ →→];</rbnfrule>
                <rbnfrule value="40">τεσσαρακοστός[ →→];</rbnfrule>
                <rbnfrule value="50">πεντηκοστός[ →→];</rbnfrule>
                <rbnfrule value="60">εξηκοστός[ →→];</rbnfrule>
                <rbnfrule value="70">εβδομηκοστός[ →→];</rbnfrule>
                <rbnfrule value="80">ογδοηκοστός[ →→];</rbnfrule>
                <rbnfrule value="90">εννενηκοστός[ →→];</rbnfrule>
                <rbnfrule value="100">εκατοστός[ →→];</rbnfrule>
                <rbnfrule value="200">διακοσιοστός[ →→];</rbnfrule>
                <rbnfrule value="300">τριακοσιοστός[ →→];</rbnfrule>
                <rbnfrule value="400">τετρακοσιοστός[ →→];</rbnfrule>
                <rbnfrule value="500">πεντακοσιοστός[ →→];</rbnfrule>
                <rbnfrule value="600">εξακοσιοστός[ →→];</rbnfrule>
                <rbnfrule value="700">επτακοσιοστός[ →→];</rbnfrule>
                <rbnfrule value="800">οκτακοσιοστός[ →→];</rbnfrule>
                <rbnfrule value="900">εννεακοσιοστός[ →→];</rbnfrule>
                <rbnfrule value="1000">χιλιοστός[ →→];</rbnfrule>
                <rbnfrule value="2000">δισχιλιοστός[ →→];</rbnfrule>
                <rbnfrule value="3000">τρισχιλιοστός[ →→];</rbnfrule>
                <rbnfrule value="4000">τετράκις χιλιοστός[ →→];</rbnfrule>
                <rbnfrule value="5000">πεντάκις χιλιοστός[ →→];</rbnfrule>
                <rbnfrule value="6000">εξάκις χιλιοστός[ →→];</rbnfrule>
                <rbnfrule value="7000">επτάκις χιλιοστός[ →→];</rbnfrule>
                <rbnfrule value="8000">οκτάκις χιλιοστός[ →→];</rbnfrule>
                <rbnfrule value="9000">εννεάκις χιλιοστός[ →→];</rbnfrule>
                <rbnfrule value="10000" radix="1000">δεκάκις χιλιοστός[ →→];</rbnfrule>
                <rbnfrule value="11000" radix="1000">←%spellout-cardinal-neuter← χιλιοστός[ →→];</rbnfrule>
                <rbnfrule value="1000000">←%spellout-cardinal-neuter← εκατομμυριοστός [ →→];</rbnfrule>
                <rbnfrule value="1000000000">←%spellout-cardinal-neuter← δισεκατομμυριοστός[ →→];</rbnfrule>
                <rbnfrule value="1000000000000">←%spellout-cardinal-neuter← τρισεκατομμυριοστός[ →→];</rbnfrule>
                <rbnfrule value="1000000000000000">←%spellout-cardinal-neuter← τετράκις εκατομμυριοστός[ →→];</rbnfrule>
                <rbnfrule value="1000000000000000000">=#,##0=;</rbnfrule>
            </ruleset>
            <ruleset type="spellout-ordinal-feminine">
                <rbnfrule value="-x">μείον →→;</rbnfrule>
                <rbnfrule value="x.x">=#,##0.#=;</rbnfrule>
                <rbnfrule value="0">μηδενική;</rbnfrule>
                <rbnfrule value="1">πρώτη;</rbnfrule>
                <rbnfrule value="2">δεύτερη;</rbnfrule>
                <rbnfrule value="3">τρίτη;</rbnfrule>
                <rbnfrule value="4">τέταρτη;</rbnfrule>
                <rbnfrule value="5">πέμπτη;</rbnfrule>
                <rbnfrule value="6">έκτη;</rbnfrule>
                <rbnfrule value="7">έβδομη;</rbnfrule>
                <rbnfrule value="8">όγδοη;</rbnfrule>
                <rbnfrule value="9">ένατη;</rbnfrule>
                <rbnfrule value="10">δέκατη;</rbnfrule>
                <rbnfrule value="11">ενδέκατη;</rbnfrule>
                <rbnfrule value="12">δωδέκατη;</rbnfrule>
                <rbnfrule value="13">δέκατη[ →→];</rbnfrule>
                <rbnfrule value="20">εικοστή[ →→];</rbnfrule>
                <rbnfrule value="30">τριακοστή[ →→];</rbnfrule>
                <rbnfrule value="40">τεσσαρακοστή[ →→];</rbnfrule>
                <rbnfrule value="50">πεντηκοστή[ →→];</rbnfrule>
                <rbnfrule value="60">εξηκοστή[ →→];</rbnfrule>
                <rbnfrule value="70">εβδομηκοστή[ →→];</rbnfrule>
                <rbnfrule value="80">ογδοηκοστή[ →→];</rbnfrule>
                <rbnfrule value="90">εννενηκοστή[ →→];</rbnfrule>
                <rbnfrule value="100">εκατοστή[ →→];</rbnfrule>
                <rbnfrule value="200">διακοσιοστή[ →→];</rbnfrule>
                <rbnfrule value="300">τριακοσιοστή[ →→];</rbnfrule>
                <rbnfrule value="400">τρετρακοσιοστή[ →→];</rbnfrule>
                <rbnfrule value="500">πεντακοσιοστή[ →→];</rbnfrule>
                <rbnfrule value="600">εξακοσιοστή[ →→];</rbnfrule>
                <rbnfrule value="700">επτακοσιοστή[ →→];</rbnfrule>
                <rbnfrule value="800">οκτακοσιοστή[ →→];</rbnfrule>
                <rbnfrule value="900">εννεακοσιοστή[ →→];</rbnfrule>
                <rbnfrule value="1000">χιλιοστή[ →→];</rbnfrule>
                <rbnfrule value="2000">δισχιλιοστή[ →→];</rbnfrule>
                <rbnfrule value="3000">τρισχιλιοστή[ →→];</rbnfrule>
                <rbnfrule value="4000">τετράκις χιλιοστή[ →→];</rbnfrule>
                <rbnfrule value="5000">πεντάκις χιλιοστή[ →→];</rbnfrule>
                <rbnfrule value="6000">εξάκις χιλιοστή[ →→];</rbnfrule>
                <rbnfrule value="7000">επτάκις χιλιοστή[ →→];</rbnfrule>
                <rbnfrule value="8000">οκτάκις χιλιοστή[ →→];</rbnfrule>
                <rbnfrule value="9000">εννεάκις χιλιοστή[ →→];</rbnfrule>
                <rbnfrule value="10000" radix="1000">δεκάκις χιλιοστή[ →→];</rbnfrule>
                <rbnfrule value="11000" radix="1000">←%spellout-cardinal-neuter← χιλιοστή[ →→];</rbnfrule>
                <rbnfrule value="1000000">←%spellout-cardinal-neuter← εκατομμυριοστή [ →→];</rbnfrule>
                <rbnfrule value="1000000000">←%spellout-cardinal-neuter← δισεκατομμυριοστή[ →→];</rbnfrule>
                <rbnfrule value="1000000000000">←%spellout-cardinal-neuter← τρισεκατομμυριοστή[ →→];</rbnfrule>
                <rbnfrule value="1000000000000000">←%spellout-cardinal-neuter← τετράκις εκατομμυριοστή[ →→];</rbnfrule>
                <rbnfrule value="1000000000000000000">=#,##0=;</rbnfrule>
            </ruleset>
            <ruleset type="spellout-ordinal-neuter">
                <rbnfrule value="-x">μείον →→;</rbnfrule>
                <rbnfrule value="0">μηδενικό;</rbnfrule>
                <rbnfrule value="1">πρώτο;</rbnfrule>
                <rbnfrule value="2">δεύτερο;</rbnfrule>
                <rbnfrule value="3">τρίτο;</rbnfrule>
                <rbnfrule value="4">τέταρτο;</rbnfrule>
                <rbnfrule value="5">πέμπτο;</rbnfrule>
                <rbnfrule value="6">έκτο;</rbnfrule>
                <rbnfrule value="7">έβδομο;</rbnfrule>
                <rbnfrule value="8">όγδο;</rbnfrule>
                <rbnfrule value="9">ένατο;</rbnfrule>
                <rbnfrule value="10">δέκατο;</rbnfrule>
                <rbnfrule value="11">ενδέκατο;</rbnfrule>
                <rbnfrule value="12">δωδέκατο;</rbnfrule>
                <rbnfrule value="13">δέκατο[ →→];</rbnfrule>
                <rbnfrule value="20">εικοστό[ →→];</rbnfrule>
                <rbnfrule value="30">τριακοστό[ →→];</rbnfrule>
                <rbnfrule value="40">τεσσαρακοστό[ →→];</rbnfrule>
                <rbnfrule value="50">πεντηκοστό[ →→];</rbnfrule>
                <rbnfrule value="60">εξηκοστό[ →→];</rbnfrule>
                <rbnfrule value="70">εβδομηκοστό[ →→];</rbnfrule>
                <rbnfrule value="80">ογδοηκοστό[ →→];</rbnfrule>
                <rbnfrule value="90">εννενηκοστό[ →→];</rbnfrule>
                <rbnfrule value="100">εκατοστό[ →→];</rbnfrule>
                <rbnfrule value="200">διακοσιοστό[ →→];</rbnfrule>
                <rbnfrule value="300">τριακοσιοστό[ →→];</rbnfrule>
                <rbnfrule value="400">τετρακοσιοστό[ →→];</rbnfrule>
                <rbnfrule value="500">πεντακοσιοστό[ →→];</rbnfrule>
                <rbnfrule value="600">εξακοσιοστός[ →→];</rbnfrule>
                <rbnfrule value="700">επτακοσιοστό[ →→];</rbnfrule>
                <rbnfrule value="800">οκτακοσιοστό[ →→];</rbnfrule>
                <rbnfrule value="900">εννεακοσιοστό[ →→];</rbnfrule>
                <rbnfrule value="1000">χιλιοστό[ →→];</rbnfrule>
                <rbnfrule value="2000">δισχιλιοστό[ →→];</rbnfrule>
                <rbnfrule value="3000">τρισχιλιοστό[ →→];</rbnfrule>
                <rbnfrule value="4000">τετράκις χιλιοστό[ →→];</rbnfrule>
                <rbnfrule value="5000">πεντάκις χιλιοστό[ →→];</rbnfrule>
                <rbnfrule value="6000">εξάκις χιλιοστό[ →→];</rbnfrule>
                <rbnfrule value="7000">επτάκις χιλιοστό[ →→];</rbnfrule>
                <rbnfrule value="8000">οκτάκις χιλιοστό[ →→];</rbnfrule>
                <rbnfrule value="9000">εννεάκις χιλιοστό[ →→];</rbnfrule>
                <rbnfrule value="10000" radix="1000">δεκάκις χιλιοστό[ →→];</rbnfrule>
                <rbnfrule value="11000" radix="1000">←%spellout-cardinal-neuter← χιλιοστό[ →→];</rbnfrule>
                <rbnfrule value="1000000">←%spellout-cardinal-neuter← εκατομμυριοστό [ →→];</rbnfrule>
                <rbnfrule value="1000000000">←%spellout-cardinal-neuter← δισεκατομμυριοστό[ →→];</rbnfrule>
                <rbnfrule value="1000000000000">←%spellout-cardinal-neuter← τρισεκατομμυριοστό[ →→];</rbnfrule>
                <rbnfrule value="1000000000000000">←%spellout-cardinal-neuter← τετράκις εκατομμυριοστό[ →→];</rbnfrule>
                <rbnfrule value="1000000000000000000">=#,##0=;</rbnfrule>
            </ruleset>
        </rulesetGrouping>
        <rulesetGrouping type="OrdinalRules">
            <ruleset type="digits-ordinal">
                <rbnfrule value="-x">−→→;</rbnfrule>
                <rbnfrule value="0">=#,##0=;</rbnfrule>
            </ruleset>
        </rulesetGrouping>
    </rbnf>
</ldml>
