<?xml version="1.0" encoding="UTF-8" ?>
<!DOCTYPE ldml SYSTEM "../../common/dtd/ldml.dtd">
<!--
Copyright © 1991-2014 Unicode, Inc.
CLDR data files are interpreted according to the LDML specification (http://unicode.org/reports/tr35/)
For terms of use, see http://www.unicode.org/copyright.html
-->
<ldml>
    <identity>
        <version number="$Revision$"/>
        <language type="es"/>
    </identity>
    <rbnf>
        <rulesetGrouping type="SpelloutRules">
            <ruleset type="lenient-parse" access="private">
                <rbnfrule value="0">&amp;[last primary ignorable ] ←← ' ' ←← ',' ←← '-' ←← '­';</rbnfrule>
            </ruleset>
            <ruleset type="spellout-numbering-year">
                <rbnfrule value="x.x">=0.0=;</rbnfrule>
                <rbnfrule value="0">=%spellout-numbering=;</rbnfrule>
            </ruleset>
            <ruleset type="spellout-numbering">
                <rbnfrule value="-x">menos →→;</rbnfrule>
                <rbnfrule value="x.x">←← punto →→;</rbnfrule>
                <rbnfrule value="x,x">←← coma →→;</rbnfrule>
                <rbnfrule value="0">cero;</rbnfrule>
                <rbnfrule value="1">uno;</rbnfrule>
                <rbnfrule value="2">dos;</rbnfrule>
                <rbnfrule value="3">tres;</rbnfrule>
                <rbnfrule value="4">cuatro;</rbnfrule>
                <rbnfrule value="5">cinco;</rbnfrule>
                <rbnfrule value="6">seis;</rbnfrule>
                <rbnfrule value="7">siete;</rbnfrule>
                <rbnfrule value="8">ocho;</rbnfrule>
                <rbnfrule value="9">nueve;</rbnfrule>
                <rbnfrule value="10">diez;</rbnfrule>
                <rbnfrule value="11">once;</rbnfrule>
                <rbnfrule value="12">doce;</rbnfrule>
                <rbnfrule value="13">trece;</rbnfrule>
                <rbnfrule value="14">catorce;</rbnfrule>
                <rbnfrule value="15">quince;</rbnfrule>
                <rbnfrule value="16">dieciséis;</rbnfrule>
                <rbnfrule value="17">dieci→→;</rbnfrule>
                <rbnfrule value="20">veinte;</rbnfrule>
                <rbnfrule value="21">veintiuno;</rbnfrule>
                <rbnfrule value="22">veintidós;</rbnfrule>
                <rbnfrule value="23">veintitrés;</rbnfrule>
                <rbnfrule value="24">veinticuatro;</rbnfrule>
                <rbnfrule value="25">veinticinco;</rbnfrule>
                <rbnfrule value="26">veintiséis;</rbnfrule>
                <rbnfrule value="27">veinti→→;</rbnfrule>
                <rbnfrule value="30">treinta[ y →→];</rbnfrule>
                <rbnfrule value="40">cuarenta[ y →→];</rbnfrule>
                <rbnfrule value="50">cincuenta[ y →→];</rbnfrule>
                <rbnfrule value="60">sesenta[ y →→];</rbnfrule>
                <rbnfrule value="70">setenta[ y →→];</rbnfrule>
                <rbnfrule value="80">ochenta[ y →→];</rbnfrule>
                <rbnfrule value="90">noventa[ y →→];</rbnfrule>
                <rbnfrule value="100">cien;</rbnfrule>
                <rbnfrule value="101">ciento →→;</rbnfrule>
                <rbnfrule value="200">doscientos[ →→];</rbnfrule>
                <rbnfrule value="300">trescientos[ →→];</rbnfrule>
                <rbnfrule value="400">cuatrocientos[ →→];</rbnfrule>
                <rbnfrule value="500">quinientos[ →→];</rbnfrule>
                <rbnfrule value="600">seiscientos[ →→];</rbnfrule>
                <rbnfrule value="700">setecientos[ →→];</rbnfrule>
                <rbnfrule value="800">ochocientos[ →→];</rbnfrule>
                <rbnfrule value="900">novecientos[ →→];</rbnfrule>
                <rbnfrule value="1000">mil[ →→];</rbnfrule>
                <rbnfrule value="2000">←%spellout-cardinal-masculine← mil[ →→];</rbnfrule>
                <rbnfrule value="1000000">un millón[ →→];</rbnfrule>
                <rbnfrule value="2000000">←%spellout-cardinal-masculine← millones[ →→];</rbnfrule>
                <rbnfrule value="1000000000000">un billón[ →→];</rbnfrule>
                <rbnfrule value="2000000000000">←%spellout-cardinal-masculine← billones[ →→];</rbnfrule>
                <rbnfrule value="1000000000000000000">=#,##0=;</rbnfrule>
            </ruleset>
            <ruleset type="spellout-cardinal-masculine">
                <rbnfrule value="-x">menos →→;</rbnfrule>
                <rbnfrule value="x.x">←← punto →→;</rbnfrule>
                <rbnfrule value="x,x">←← coma →→;</rbnfrule>
                <rbnfrule value="0">cero;</rbnfrule>
                <rbnfrule value="1">un;</rbnfrule>
                <rbnfrule value="2">=%spellout-numbering=;</rbnfrule>
                <rbnfrule value="21">veintiún;</rbnfrule>
                <rbnfrule value="22">=%spellout-numbering=;</rbnfrule>
                <rbnfrule value="30">treinta[ y →→];</rbnfrule>
                <rbnfrule value="40">cuarenta[ y →→];</rbnfrule>
                <rbnfrule value="50">cincuenta[ y →→];</rbnfrule>
                <rbnfrule value="60">sesenta[ y →→];</rbnfrule>
                <rbnfrule value="70">setenta[ y →→];</rbnfrule>
                <rbnfrule value="80">ochenta[ y →→];</rbnfrule>
                <rbnfrule value="90">noventa[ y →→];</rbnfrule>
                <rbnfrule value="100">cien;</rbnfrule>
                <rbnfrule value="101">ciento →→;</rbnfrule>
                <rbnfrule value="200">doscientos[ →→];</rbnfrule>
                <rbnfrule value="300">trescientos[ →→];</rbnfrule>
                <rbnfrule value="400">cuatrocientos[ →→];</rbnfrule>
                <rbnfrule value="500">quinientos[ →→];</rbnfrule>
                <rbnfrule value="600">seis­cientos[ →→];</rbnfrule>
                <rbnfrule value="700">sete­cientos[ →→];</rbnfrule>
                <rbnfrule value="800">ocho­cientos[ →→];</rbnfrule>
                <rbnfrule value="900">nove­cientos[ →→];</rbnfrule>
                <rbnfrule value="1000">mil[ →→];</rbnfrule>
                <rbnfrule value="2000">←%spellout-cardinal-masculine← mil[ →→];</rbnfrule>
                <rbnfrule value="1000000">un millón[ →→];</rbnfrule>
                <rbnfrule value="2000000">←%spellout-cardinal-masculine← millones[ →→];</rbnfrule>
                <rbnfrule value="1000000000000">un billón[ →→];</rbnfrule>
                <rbnfrule value="2000000000000">←%spellout-cardinal-masculine← billones[ →→];</rbnfrule>
                <rbnfrule value="1000000000000000000">=#,##0=;</rbnfrule>
            </ruleset>
            <ruleset type="spellout-cardinal-feminine">
                <rbnfrule value="-x">menos →→;</rbnfrule>
                <rbnfrule value="x.x">←← punto →→;</rbnfrule>
                <rbnfrule value="x,x">←← coma →→;</rbnfrule>
                <rbnfrule value="0">cero;</rbnfrule>
                <rbnfrule value="1">una;</rbnfrule>
                <rbnfrule value="2">=%spellout-numbering=;</rbnfrule>
                <rbnfrule value="21">veintiuna;</rbnfrule>
                <rbnfrule value="22">=%spellout-numbering=;</rbnfrule>
                <rbnfrule value="30">treinta[ y →→];</rbnfrule>
                <rbnfrule value="40">cuarenta[ y →→];</rbnfrule>
                <rbnfrule value="50">cincuenta[ y →→];</rbnfrule>
                <rbnfrule value="60">sesenta[ y →→];</rbnfrule>
                <rbnfrule value="70">setenta[ y →→];</rbnfrule>
                <rbnfrule value="80">ochenta[ y →→];</rbnfrule>
                <rbnfrule value="90">noventa[ y →→];</rbnfrule>
                <rbnfrule value="100">cien;</rbnfrule>
                <rbnfrule value="101">ciento →→;</rbnfrule>
                <rbnfrule value="200">dos­cientas[ →→];</rbnfrule>
                <rbnfrule value="300">tres­cientas[ →→];</rbnfrule>
                <rbnfrule value="400">cuatro­cientas[ →→];</rbnfrule>
                <rbnfrule value="500">quinientas[ →→];</rbnfrule>
                <rbnfrule value="600">seis­cientas[ →→];</rbnfrule>
                <rbnfrule value="700">sete­cientas[ →→];</rbnfrule>
                <rbnfrule value="800">ocho­cientas[ →→];</rbnfrule>
                <rbnfrule value="900">nove­cientas[ →→];</rbnfrule>
                <rbnfrule value="1000">mil[ →→];</rbnfrule>
                <rbnfrule value="2000">←%spellout-cardinal-masculine← mil[ →→];</rbnfrule>
                <rbnfrule value="1000000">un millón[ →→];</rbnfrule>
                <rbnfrule value="2000000">←%spellout-cardinal-masculine← millones[ →→];</rbnfrule>
                <rbnfrule value="1000000000000">un billón[ →→];</rbnfrule>
                <rbnfrule value="2000000000000">←%spellout-cardinal-masculine← billones[ →→];</rbnfrule>
                <rbnfrule value="1000000000000000000">=#,##0=;</rbnfrule>
            </ruleset>
            <ruleset type="spellout-ordinal-masculine-adjective">
                <rbnfrule value="-x">menos →→;</rbnfrule>
                <rbnfrule value="x.x">=#,##0.#=;</rbnfrule>
                <rbnfrule value="0">cero;</rbnfrule>
                <rbnfrule value="1">primer;</rbnfrule>
                <rbnfrule value="2">segundo;</rbnfrule>
                <rbnfrule value="3">tercer;</rbnfrule>
                <rbnfrule value="4">cuarto;</rbnfrule>
                <rbnfrule value="5">quinto;</rbnfrule>
                <rbnfrule value="6">sexto;</rbnfrule>
                <rbnfrule value="7">séptimo;</rbnfrule>
                <rbnfrule value="8">octavo;</rbnfrule>
                <rbnfrule value="9">noveno;</rbnfrule>
                <rbnfrule value="10">décimo;</rbnfrule>
                <rbnfrule value="11">undécimo;</rbnfrule>
                <rbnfrule value="12">duodécimo;</rbnfrule>
                <rbnfrule value="13">decimo→→;</rbnfrule>
                <rbnfrule value="18">decim→→;</rbnfrule>
                <rbnfrule value="19">decimo→→;</rbnfrule>
                <rbnfrule value="20">vigésimo[ →→];</rbnfrule>
                <rbnfrule value="30">trigésimo[ →→];</rbnfrule>
                <rbnfrule value="40">cuadragésimo[ →→];</rbnfrule>
                <rbnfrule value="50">quincuagésimo[ →→];</rbnfrule>
                <rbnfrule value="60">sexagésimo[ →→];</rbnfrule>
                <rbnfrule value="70">septuagésimo[ →→];</rbnfrule>
                <rbnfrule value="80">octogésimo[ →→];</rbnfrule>
                <rbnfrule value="90">nonagésimo[ →→];</rbnfrule>
                <rbnfrule value="100">centésimo[ →→];</rbnfrule>
                <rbnfrule value="200">ducentésimo[ →→];</rbnfrule>
                <rbnfrule value="300">tricentésimo[ →→];</rbnfrule>
                <rbnfrule value="400">cuadringentésimo[ →→];</rbnfrule>
                <rbnfrule value="500">quingentésimo[ →→];</rbnfrule>
                <rbnfrule value="600">sexcentésimo[ →→];</rbnfrule>
                <rbnfrule value="700">septingentésimo[ →→];</rbnfrule>
                <rbnfrule value="800">octingésimo[ →→];</rbnfrule>
                <rbnfrule value="900">noningentésimo[ →→];</rbnfrule>
                <rbnfrule value="1000">milésimo[ →→];</rbnfrule>
                <rbnfrule value="2000">←%spellout-cardinal-masculine← milésimo[ →→];</rbnfrule>
                <rbnfrule value="1000000">un millonésimo[ →→];</rbnfrule>
                <rbnfrule value="2000000">←%spellout-cardinal-masculine← millonésimo[ →→];</rbnfrule>
                <rbnfrule value="1000000000000">un billonésimo[ →→];</rbnfrule>
                <rbnfrule value="2000000000000">←%spellout-cardinal-masculine← billonésimo[ →→];</rbnfrule>
                <rbnfrule value="1000000000000000000">=#,##0=º;</rbnfrule>
            </ruleset>
            <ruleset type="spellout-ordinal-masculine-plural">
                <rbnfrule value="-x">menos →→;</rbnfrule>
                <rbnfrule value="x.x">=#,##0.#=;</rbnfrule>
                <rbnfrule value="0">=%spellout-ordinal-masculine=;</rbnfrule>
                <rbnfrule value="1">=%spellout-ordinal-masculine=s;</rbnfrule>
                <rbnfrule value="1000000000000000000">=#,##0=º;</rbnfrule>
            </ruleset>
            <ruleset type="spellout-ordinal-masculine">
                <rbnfrule value="-x">menos →→;</rbnfrule>
                <rbnfrule value="x.x">=#,##0.#=;</rbnfrule>
                <rbnfrule value="0">cero;</rbnfrule>
                <rbnfrule value="1">primero;</rbnfrule>
                <rbnfrule value="2">segundo;</rbnfrule>
                <rbnfrule value="3">tercero;</rbnfrule>
                <rbnfrule value="4">cuarto;</rbnfrule>
                <rbnfrule value="5">quinto;</rbnfrule>
                <rbnfrule value="6">sexto;</rbnfrule>
                <rbnfrule value="7">séptimo;</rbnfrule>
                <rbnfrule value="8">octavo;</rbnfrule>
                <rbnfrule value="9">noveno;</rbnfrule>
                <rbnfrule value="10">décimo;</rbnfrule>
                <rbnfrule value="11">decimo→→;</rbnfrule>
                <rbnfrule value="18">decim→→;</rbnfrule>
                <rbnfrule value="19">decimo→→;</rbnfrule>
                <rbnfrule value="20">vigésimo[ →→];</rbnfrule>
                <rbnfrule value="30">trigésimo[ →→];</rbnfrule>
                <rbnfrule value="40">cuadragésimo[ →→];</rbnfrule>
                <rbnfrule value="50">quincuagésimo[ →→];</rbnfrule>
                <rbnfrule value="60">sexagésimo[ →→];</rbnfrule>
                <rbnfrule value="70">septuagésimo[ →→];</rbnfrule>
                <rbnfrule value="80">octogésimo[ →→];</rbnfrule>
                <rbnfrule value="90">nonagésimo[ →→];</rbnfrule>
                <rbnfrule value="100">centésimo[ →→];</rbnfrule>
                <rbnfrule value="200">ducentésimo[ →→];</rbnfrule>
                <rbnfrule value="300">tricentésimo[ →→];</rbnfrule>
                <rbnfrule value="400">cuadringentésimo[ →→];</rbnfrule>
                <rbnfrule value="500">quingentésimo[ →→];</rbnfrule>
                <rbnfrule value="600">sexcentésimo[ →→];</rbnfrule>
                <rbnfrule value="700">septingentésimo[ →→];</rbnfrule>
                <rbnfrule value="800">octingésimo[ →→];</rbnfrule>
                <rbnfrule value="900">noningentésimo[ →→];</rbnfrule>
                <rbnfrule value="1000">milésimo[ →→];</rbnfrule>
                <rbnfrule value="2000">←%spellout-cardinal-masculine← milésimo[ →→];</rbnfrule>
                <rbnfrule value="1000000">un millonésimo[ →→];</rbnfrule>
                <rbnfrule value="2000000">←%spellout-cardinal-masculine← millonésimo[ →→];</rbnfrule>
                <rbnfrule value="1000000000000">un billonésimo[ →→];</rbnfrule>
                <rbnfrule value="2000000000000">←%spellout-cardinal-masculine← billonésimo[ →→];</rbnfrule>
                <rbnfrule value="1000000000000000000">=#,##0=º;</rbnfrule>
            </ruleset>
            <ruleset type="spellout-ordinal-feminine-plural">
                <rbnfrule value="-x">menos →→;</rbnfrule>
                <rbnfrule value="x.x">=#,##0.#=;</rbnfrule>
                <rbnfrule value="0">=%spellout-ordinal-feminine=;</rbnfrule>
                <rbnfrule value="1">=%spellout-ordinal-feminine=s;</rbnfrule>
                <rbnfrule value="1000000000000000000">=#,##0=ª;</rbnfrule>
            </ruleset>
            <ruleset type="spellout-ordinal-feminine">
                <rbnfrule value="-x">menos →→;</rbnfrule>
                <rbnfrule value="x.x">=#,##0.#=;</rbnfrule>
                <rbnfrule value="0">cero;</rbnfrule>
                <rbnfrule value="1">primera;</rbnfrule>
                <rbnfrule value="2">segunda;</rbnfrule>
                <rbnfrule value="3">tercera;</rbnfrule>
                <rbnfrule value="4">cuarta;</rbnfrule>
                <rbnfrule value="5">quinta;</rbnfrule>
                <rbnfrule value="6">sexta;</rbnfrule>
                <rbnfrule value="7">séptima;</rbnfrule>
                <rbnfrule value="8">octava;</rbnfrule>
                <rbnfrule value="9">novena;</rbnfrule>
                <rbnfrule value="10">décima;</rbnfrule>
                <rbnfrule value="11">decimo→→;</rbnfrule>
                <rbnfrule value="18">decim→→;</rbnfrule>
                <rbnfrule value="19">decimo→→;</rbnfrule>
                <rbnfrule value="20">vigésima[ →→];</rbnfrule>
                <rbnfrule value="30">trigésima[ →→];</rbnfrule>
                <rbnfrule value="40">cuadragésima[ →→];</rbnfrule>
                <rbnfrule value="50">quincuagésima[ →→];</rbnfrule>
                <rbnfrule value="60">sexagésima[ →→];</rbnfrule>
                <rbnfrule value="70">septuagésima[ →→];</rbnfrule>
                <rbnfrule value="80">octogésima[ →→];</rbnfrule>
                <rbnfrule value="90">nonagésima[ →→];</rbnfrule>
                <rbnfrule value="100">centésima[ →→];</rbnfrule>
                <rbnfrule value="200">ducentésima[ →→];</rbnfrule>
                <rbnfrule value="300">tricentésima[ →→];</rbnfrule>
                <rbnfrule value="400">cuadringentésima[ →→];</rbnfrule>
                <rbnfrule value="500">quingentésima[ →→];</rbnfrule>
                <rbnfrule value="600">sexcentésima[ →→];</rbnfrule>
                <rbnfrule value="700">septingentésima[ →→];</rbnfrule>
                <rbnfrule value="800">octingésima[ →→];</rbnfrule>
                <rbnfrule value="900">noningentésima[ →→];</rbnfrule>
                <rbnfrule value="1000">milésima[ →→];</rbnfrule>
                <rbnfrule value="2000">←%spellout-cardinal-masculine← milésima[ →→];</rbnfrule>
                <rbnfrule value="1000000">un millonésima[ →→];</rbnfrule>
                <rbnfrule value="2000000">←%spellout-cardinal-masculine← millonésima[ →→];</rbnfrule>
                <rbnfrule value="1000000000000">un billonésima[ →→];</rbnfrule>
                <rbnfrule value="2000000000000">←%spellout-cardinal-masculine← billonésima[ →→];</rbnfrule>
                <rbnfrule value="1000000000000000000">=#,##0=ª;</rbnfrule>
            </ruleset>
        </rulesetGrouping>
        <rulesetGrouping type="OrdinalRules">
            <ruleset type="dord-mascabbrev" access="private">
                <rbnfrule value="0">º;</rbnfrule>
                <rbnfrule value="1">ᵉʳ;</rbnfrule>
                <rbnfrule value="2">º;</rbnfrule>
                <rbnfrule value="3">ᵉʳ;</rbnfrule>
                <rbnfrule value="4">º;</rbnfrule>
                <rbnfrule value="20">→→;</rbnfrule>
                <rbnfrule value="100">→→;</rbnfrule>
            </ruleset>
            <ruleset type="digits-ordinal-masculine-adjective">
                <rbnfrule value="-x">−→→;</rbnfrule>
                <rbnfrule value="0">=#,##0=.=%%dord-mascabbrev=;</rbnfrule>
            </ruleset>
            <ruleset type="digits-ordinal-masculine">
                <rbnfrule value="-x">−→→;</rbnfrule>
                <rbnfrule value="0">=#,##0=.º;</rbnfrule>
            </ruleset>
            <ruleset type="digits-ordinal-feminine">
                <rbnfrule value="-x">−→→;</rbnfrule>
                <rbnfrule value="0">=#,##0=.ª;</rbnfrule>
            </ruleset>
            <ruleset type="digits-ordinal-masculine-plural">
                <rbnfrule value="-x">−→→;</rbnfrule>
                <rbnfrule value="0">=#,##0=.ᵒˢ;</rbnfrule>
            </ruleset>
            <ruleset type="digits-ordinal-feminine-plural">
                <rbnfrule value="-x">−→→;</rbnfrule>
                <rbnfrule value="0">=#,##0=.ᵃˢ;</rbnfrule>
            </ruleset>
            <ruleset type="digits-ordinal">
                <rbnfrule value="0">=%digits-ordinal-masculine=;</rbnfrule>
            </ruleset>
        </rulesetGrouping>
    </rbnf>
</ldml>
