<?xml version="1.0" encoding="UTF-8" ?>
<!DOCTYPE ldml SYSTEM "../../common/dtd/ldml.dtd">
<!--
Copyright © 1991-2013 Unicode, Inc.
CLDR data files are interpreted according to the LDML specification (http://unicode.org/reports/tr35/)
For terms of use, see http://www.unicode.org/copyright.html
-->
<ldml>
    <identity>
        <version number="$Revision$"/>
        <language type="fa"/>
    </identity>
    <rbnf>
        <rulesetGrouping type="SpelloutRules">
            <ruleset type="spellout-numbering-year">
                <rbnfrule value="x.x">=0.0=;</rbnfrule>
                <rbnfrule value="0">=%spellout-numbering=;</rbnfrule>
            </ruleset>
            <ruleset type="spellout-numbering">
                <rbnfrule value="0">=%spellout-cardinal=;</rbnfrule>
            </ruleset>
            <ruleset type="spellout-cardinal">
                <rbnfrule value="-x">منفی →→;</rbnfrule>
                <rbnfrule value="x.x">←← ممیز →→;</rbnfrule>
                <rbnfrule value="0">صفر;</rbnfrule>
                <rbnfrule value="1">یک;</rbnfrule>
                <rbnfrule value="2">دو;</rbnfrule>
                <rbnfrule value="3">سه;</rbnfrule>
                <rbnfrule value="4">چهار;</rbnfrule>
                <rbnfrule value="5">پنج;</rbnfrule>
                <rbnfrule value="6">شش;</rbnfrule>
                <rbnfrule value="7">هفت;</rbnfrule>
                <rbnfrule value="8">هشت;</rbnfrule>
                <rbnfrule value="9">نه;</rbnfrule>
                <rbnfrule value="10">ده;</rbnfrule>
                <rbnfrule value="11">یازده;</rbnfrule>
                <rbnfrule value="12">دوازده;</rbnfrule>
                <rbnfrule value="13">سیزده;</rbnfrule>
                <rbnfrule value="14">چهارده;</rbnfrule>
                <rbnfrule value="15">پانزده;</rbnfrule>
                <rbnfrule value="16">شانزده;</rbnfrule>
                <rbnfrule value="17">هفده;</rbnfrule>
                <rbnfrule value="18">هجده;</rbnfrule>
                <rbnfrule value="19">نوزده;</rbnfrule>
                <rbnfrule value="20">بیست[ و →→];</rbnfrule>
                <rbnfrule value="30">سی[ و →→];</rbnfrule>
                <rbnfrule value="40">چهل[ و →→];</rbnfrule>
                <rbnfrule value="50">پنجاه[ و →→];</rbnfrule>
                <rbnfrule value="60">شصت[ و →→];</rbnfrule>
                <rbnfrule value="70">هفتاد[ و →→];</rbnfrule>
                <rbnfrule value="80">هشتاد[ و →→];</rbnfrule>
                <rbnfrule value="90">نود[ و →→];</rbnfrule>
                <rbnfrule value="100">صد[ و →→];</rbnfrule>
                <rbnfrule value="200">دویست[ و →→];</rbnfrule>
                <rbnfrule value="300">سیصد[ و →→];</rbnfrule>
                <rbnfrule value="400">چهارصد[ و →→];</rbnfrule>
                <rbnfrule value="500">پانصد[ و →→];</rbnfrule>
                <rbnfrule value="600">ششصد[ و →→];</rbnfrule>
                <rbnfrule value="700">هفتصد[ و →→];</rbnfrule>
                <rbnfrule value="800">هشتصد[ و →→];</rbnfrule>
                <rbnfrule value="900">نهصد[ و →→];</rbnfrule>
                <rbnfrule value="1000">←← هزار[ و →→];</rbnfrule>
                <rbnfrule value="1000000">←← میلیون[ و →→];</rbnfrule>
                <rbnfrule value="1000000000">←← میلیارد[ و →→];</rbnfrule>
                <rbnfrule value="1000000000000">←← هزار میلیارد[ و →→];</rbnfrule>
                <rbnfrule value="1000000000000000000">=#,##0=;</rbnfrule>
            </ruleset>
        </rulesetGrouping>
    </rbnf>
</ldml>
