<?xml version="1.0" encoding="UTF-8" ?>
<!DOCTYPE ldml SYSTEM "../../common/dtd/ldml.dtd">
<!--
Copyright © 2018 Unicode, Inc.
CLDR data files are interpreted according to the LDML specification (http://unicode.org/reports/tr35/)
For terms of use, see http://www.unicode.org/copyright.html
-->
<ldml>
    <identity>
        <version number="$Revision$"/>
        <language type="ff"/>
    </identity>
    <rbnf>
        <rulesetGrouping type="SpelloutRules">
            <ruleset type="spellout-numbering-year">
                <rbnfrule value="x.x">=0.0=;</rbnfrule>
                <rbnfrule value="0">=%spellout-numbering=;</rbnfrule>
            </ruleset>
            <ruleset type="spellout-numbering">
                <rbnfrule value="0">=%spellout-cardinal=;</rbnfrule>
            </ruleset>
            <ruleset type="spellout-cardinal">
                <rbnfrule value="NaN">alaa limoore;</rbnfrule>
                <rbnfrule value="Inf">infinity;</rbnfrule>
                <rbnfrule value="-x">minus →→;</rbnfrule>
                <rbnfrule value="x.x">←← poofirgel →→;</rbnfrule>
                <rbnfrule value="0">ɓolum;</rbnfrule>
                <rbnfrule value="1">goʼo;</rbnfrule>
                <rbnfrule value="2">ɗiɗi;</rbnfrule>
                <rbnfrule value="3">tati;</rbnfrule>
                <rbnfrule value="4">nawi;</rbnfrule>
                <rbnfrule value="5">jowi;</rbnfrule>
                <rbnfrule value="6">jeegoʼo;</rbnfrule>
                <rbnfrule value="7">jeeɗiɗi;</rbnfrule>
                <rbnfrule value="8">jeetati;</rbnfrule>
                <rbnfrule value="9">jeenawi;</rbnfrule>
                <rbnfrule value="10">sappo[ e →→];</rbnfrule>
                <rbnfrule value="20">noogas[ e →→];</rbnfrule>
                <rbnfrule value="30">cepanze ←←[ e →→];</rbnfrule>
                <rbnfrule value="100">temedere ←←[ e →→];</rbnfrule>
                <rbnfrule value="1000">ujunere ←←[ e →→];</rbnfrule>
                <rbnfrule value="1000000">miliyo ←←[, →→];</rbnfrule>
                <rbnfrule value="1000000000">miliyaari ←←[, →→];</rbnfrule>
                <rbnfrule value="1000000000000">biliyo ←←[, →→];</rbnfrule>
                <rbnfrule value="1000000000000000">biliyaari ←←[, →→];</rbnfrule>
                <rbnfrule value="1000000000000000000">=#,##0=;</rbnfrule>
            </ruleset>
            <ruleset type="spellout-cardinal-class-o">
                <rbnfrule value="NaN">alaa limoore;</rbnfrule>
                <rbnfrule value="Inf">infinity;</rbnfrule>
                <rbnfrule value="-x">minus →→;</rbnfrule>
                <rbnfrule value="x.x">←← poofirgel →→;</rbnfrule>
                <rbnfrule value="0">ɓolum;</rbnfrule>
                <rbnfrule value="1">gooto;</rbnfrule>
                <rbnfrule value="2">ɗiɗo;</rbnfrule>
                <rbnfrule value="3">tato;</rbnfrule>
                <rbnfrule value="4">nawo;</rbnfrule>
                <rbnfrule value="5">njowo;</rbnfrule>
                <rbnfrule value="6">jeegomo;</rbnfrule>
                <rbnfrule value="7">jeeɗiɗo;</rbnfrule>
                <rbnfrule value="8">jeetato;</rbnfrule>
                <rbnfrule value="9">jeenawo;</rbnfrule>
                <rbnfrule value="10">sappo[ e →→];</rbnfrule>
                <rbnfrule value="20">noogas[ e →→];</rbnfrule>
                <rbnfrule value="30">cepanze ←←[ e →→];</rbnfrule>
                <rbnfrule value="100">temedere ←←[ e →→];</rbnfrule>
                <rbnfrule value="1000">ujunere ←←[ e →→];</rbnfrule>
                <rbnfrule value="1000000">miliyo ←←[, →→];</rbnfrule>
                <rbnfrule value="1000000000">miliyaari ←←[, →→];</rbnfrule>
                <rbnfrule value="1000000000000">biliyo ←←[, →→];</rbnfrule>
                <rbnfrule value="1000000000000000">biliyaari ←←[, →→];</rbnfrule>
                <rbnfrule value="1000000000000000000">=#,##0=;</rbnfrule>
            </ruleset>
            <ruleset type="spellout-ordinal">
                <rbnfrule value="NaN">alaa limoore;</rbnfrule>
                <rbnfrule value="Inf">infinity;</rbnfrule>
                <rbnfrule value="-x">minus →→;</rbnfrule>
                <rbnfrule value="x.x">=#,##0.0=;</rbnfrule>
                <rbnfrule value="0">ɓolum;</rbnfrule>
                <rbnfrule value="1">arande;</rbnfrule>
                <rbnfrule value="2">ɗiɗaɓo;</rbnfrule>
                <rbnfrule value="3">tatiaɓo;</rbnfrule>
                <rbnfrule value="4">nawaɓo;</rbnfrule>
                <rbnfrule value="5">jowaɓo;</rbnfrule>
                <rbnfrule value="6">jeearande;</rbnfrule>
                <rbnfrule value="7">jeeɗiɗaɓo;</rbnfrule>
                <rbnfrule value="8">jeetataɓo;</rbnfrule>
                <rbnfrule value="9">jeenawaɓo;</rbnfrule>
                <rbnfrule value="10">sappo[ e →→];</rbnfrule>
                <rbnfrule value="20">noogas[ e →→];</rbnfrule>
                <rbnfrule value="30">cepanze ←←[ e →→];</rbnfrule>
                <rbnfrule value="100">temedere ←←[ e →→];</rbnfrule>
                <rbnfrule value="1000">ujunere ←←[ e →→];</rbnfrule>
                <rbnfrule value="1000000">miliyo ←←[, →→];</rbnfrule>
                <rbnfrule value="1000000000">miliyaari ←←[, →→];</rbnfrule>
                <rbnfrule value="1000000000000">biliyo ←←[, →→];</rbnfrule>
                <rbnfrule value="1000000000000000">biliyaari ←←[, →→];</rbnfrule>
                <rbnfrule value="1000000000000000000">=#,##0=;</rbnfrule>
            </ruleset>
        </rulesetGrouping>
    </rbnf>
</ldml>
