<?xml version="1.0" encoding="UTF-8" ?>
<!DOCTYPE ldml SYSTEM "../../common/dtd/ldml.dtd">
<!--
Copyright © 1991-2021 Unicode, Inc.
CLDR data files are interpreted according to the LDML specification (http://unicode.org/reports/tr35/)
For terms of use, see http://www.unicode.org/copyright.html
-->
<ldml>
    <identity>
        <version number="$Revision$"/>
        <language type="fr"/>
    </identity>
    <rbnf>
        <rulesetGrouping type="SpelloutRules">
            <ruleset type="lenient-parse" access="private">
                <rbnfrule value="0">&amp;[last primary ignorable ] ←← ' ' ←← ',' ←← '-' ←← '­';</rbnfrule>
            </ruleset>
            <ruleset type="spellout-numbering-year">
                <rbnfrule value="-x">moins →→;</rbnfrule>
                <rbnfrule value="x.x">=0.0=;</rbnfrule>
                <rbnfrule value="0">=%spellout-numbering=;</rbnfrule>
                <rbnfrule value="1100" radix="100">←%spellout-cardinal-masculine←-cent→%%cents-m→;</rbnfrule>
                <rbnfrule value="2000">=%spellout-numbering=;</rbnfrule>
            </ruleset>
            <ruleset type="spellout-numbering">
                <rbnfrule value="0">=%spellout-cardinal-masculine=;</rbnfrule>
            </ruleset>
            <ruleset type="et-un" access="private">
                <rbnfrule value="1">et-un;</rbnfrule>
                <rbnfrule value="2">=%spellout-cardinal-masculine=;</rbnfrule>
                <rbnfrule value="11">et-onze;</rbnfrule>
                <rbnfrule value="12">=%spellout-cardinal-masculine=;</rbnfrule>
            </ruleset>
            <ruleset type="cents-m" access="private">
                <rbnfrule value="0">s;</rbnfrule>
                <rbnfrule value="1">' =%spellout-cardinal-masculine=;</rbnfrule>
            </ruleset>
            <ruleset type="subcents-m" access="private">
                <rbnfrule value="0">s;</rbnfrule>
                <rbnfrule value="1">-=%spellout-cardinal-masculine=;</rbnfrule>
            </ruleset>
            <ruleset type="spellout-leading" access="private">
                <rbnfrule value="0">=%spellout-cardinal-masculine=;</rbnfrule>
                <rbnfrule value="80" radix="20">quatre-vingt[-→→];</rbnfrule>
                <rbnfrule value="100">cent[ →→];</rbnfrule>
                <rbnfrule value="200">←← cent[ →→];</rbnfrule>
                <rbnfrule value="1000">=%spellout-cardinal-masculine=;</rbnfrule>
            </ruleset>
            <ruleset type="spellout-cardinal-masculine">
                <rbnfrule value="-x">moins →→;</rbnfrule>
                <rbnfrule value="x.x">←← virgule →→;</rbnfrule>
                <rbnfrule value="0">zéro;</rbnfrule>
                <rbnfrule value="1">un;</rbnfrule>
                <rbnfrule value="2">deux;</rbnfrule>
                <rbnfrule value="3">trois;</rbnfrule>
                <rbnfrule value="4">quatre;</rbnfrule>
                <rbnfrule value="5">cinq;</rbnfrule>
                <rbnfrule value="6">six;</rbnfrule>
                <rbnfrule value="7">sept;</rbnfrule>
                <rbnfrule value="8">huit;</rbnfrule>
                <rbnfrule value="9">neuf;</rbnfrule>
                <rbnfrule value="10">dix;</rbnfrule>
                <rbnfrule value="11">onze;</rbnfrule>
                <rbnfrule value="12">douze;</rbnfrule>
                <rbnfrule value="13">treize;</rbnfrule>
                <rbnfrule value="14">quatorze;</rbnfrule>
                <rbnfrule value="15">quinze;</rbnfrule>
                <rbnfrule value="16">seize;</rbnfrule>
                <rbnfrule value="17">dix-→→;</rbnfrule>
                <rbnfrule value="20">vingt[-→%%et-un→];</rbnfrule>
                <rbnfrule value="30">trente[-→%%et-un→];</rbnfrule>
                <rbnfrule value="40">quarante[-→%%et-un→];</rbnfrule>
                <rbnfrule value="50">cinquante[-→%%et-un→];</rbnfrule>
                <rbnfrule value="60" radix="20">soixante[-→%%et-un→];</rbnfrule>
                <rbnfrule value="80" radix="20">quatre-vingt→%%subcents-m→;</rbnfrule>
                <rbnfrule value="100">cent[ →→];</rbnfrule>
                <rbnfrule value="200">←← cent→%%cents-m→;</rbnfrule>
                <rbnfrule value="1000">mille[ →→];</rbnfrule>
                <rbnfrule value="2000">←%%spellout-leading← mille[ →→];</rbnfrule>
                <rbnfrule value="1000000">un million[ →→];</rbnfrule>
                <rbnfrule value="2000000">←%%spellout-leading← millions[ →→];</rbnfrule>
                <rbnfrule value="1000000000">un milliard[ →→];</rbnfrule>
                <rbnfrule value="2000000000">←%%spellout-leading← milliards[ →→];</rbnfrule>
                <rbnfrule value="1000000000000">un billion[ →→];</rbnfrule>
                <rbnfrule value="2000000000000">←%%spellout-leading← billions[ →→];</rbnfrule>
                <rbnfrule value="1000000000000000">un billiard[ →→];</rbnfrule>
                <rbnfrule value="2000000000000000">←%%spellout-leading← billiards[ →→];</rbnfrule>
                <rbnfrule value="1000000000000000000">=#,##0=;</rbnfrule>
            </ruleset>
            <ruleset type="et-une" access="private">
                <rbnfrule value="1">et-une;</rbnfrule>
                <rbnfrule value="2">=%spellout-cardinal-feminine=;</rbnfrule>
                <rbnfrule value="11">et-onze;</rbnfrule>
                <rbnfrule value="12">=%spellout-cardinal-feminine=;</rbnfrule>
            </ruleset>
            <ruleset type="cents-f" access="private">
                <rbnfrule value="0">s;</rbnfrule>
                <rbnfrule value="1">' =%spellout-cardinal-feminine=;</rbnfrule>
            </ruleset>
            <ruleset type="subcents-f" access="private">
                <rbnfrule value="0">s;</rbnfrule>
                <rbnfrule value="1">-=%spellout-cardinal-feminine=;</rbnfrule>
            </ruleset>
            <ruleset type="spellout-cardinal-feminine">
                <rbnfrule value="-x">moins →→;</rbnfrule>
                <rbnfrule value="x.x">←← virgule →→;</rbnfrule>
                <rbnfrule value="0">zéro;</rbnfrule>
                <rbnfrule value="1">une;</rbnfrule>
                <rbnfrule value="2">=%spellout-cardinal-masculine=;</rbnfrule>
                <rbnfrule value="20">vingt[-→%%et-une→];</rbnfrule>
                <rbnfrule value="30">trente[-→%%et-une→];</rbnfrule>
                <rbnfrule value="40">quarante[-→%%et-une→];</rbnfrule>
                <rbnfrule value="50">cinquante[-→%%et-une→];</rbnfrule>
                <rbnfrule value="60" radix="20">soixante[-→%%et-une→];</rbnfrule>
                <rbnfrule value="80" radix="20">quatre-vingt→%%subcents-f→;</rbnfrule>
                <rbnfrule value="100">cent[ →→];</rbnfrule>
                <rbnfrule value="200">←%spellout-cardinal-masculine← cent→%%cents-f→;</rbnfrule>
                <rbnfrule value="1000">mille[ →→];</rbnfrule>
                <rbnfrule value="2000">←%%spellout-leading← mille[ →→];</rbnfrule>
                <rbnfrule value="1000000">un million[ →→];</rbnfrule>
                <rbnfrule value="2000000">←%%spellout-leading← millions[ →→];</rbnfrule>
                <rbnfrule value="1000000000">un milliard[ →→];</rbnfrule>
                <rbnfrule value="2000000000">←%%spellout-leading← milliards[ →→];</rbnfrule>
                <rbnfrule value="1000000000000">un billion[ →→];</rbnfrule>
                <rbnfrule value="2000000000000">←%%spellout-leading← billions[ →→];</rbnfrule>
                <rbnfrule value="1000000000000000">un billiard[ →→];</rbnfrule>
                <rbnfrule value="2000000000000000">←%%spellout-leading← billiards[ →→];</rbnfrule>
                <rbnfrule value="1000000000000000000">=#,##0=;</rbnfrule>
            </ruleset>
            <ruleset type="et-unieme" access="private">
                <rbnfrule value="1">et-unième;</rbnfrule>
                <rbnfrule value="2">=%%spellout-ordinal=;</rbnfrule>
                <rbnfrule value="11">et-onzième;</rbnfrule>
                <rbnfrule value="12">=%%spellout-ordinal=;</rbnfrule>
            </ruleset>
            <ruleset type="cents-o" access="private">
                <rbnfrule value="0">ième;</rbnfrule>
                <rbnfrule value="1">-=%%et-unieme=;</rbnfrule>
                <rbnfrule value="2">' =%%spellout-ordinal=;</rbnfrule>
                <rbnfrule value="11">-et-onzième;</rbnfrule>
                <rbnfrule value="12">' =%%spellout-ordinal=;</rbnfrule>
            </ruleset>
            <ruleset type="subcents-o" access="private">
                <rbnfrule value="0">ième;</rbnfrule>
                <rbnfrule value="1">-=%%et-unieme=;</rbnfrule>
                <rbnfrule value="2">-=%%spellout-ordinal=;</rbnfrule>
                <rbnfrule value="11">-et-onzième;</rbnfrule>
                <rbnfrule value="12">-=%%spellout-ordinal=;</rbnfrule>
            </ruleset>
            <ruleset type="mille-o" access="private">
                <rbnfrule value="0">ième;</rbnfrule>
                <rbnfrule value="1">e-=%%et-unieme=;</rbnfrule>
                <rbnfrule value="2">e =%%spellout-ordinal=;</rbnfrule>
                <rbnfrule value="11">e-et-onzième;</rbnfrule>
                <rbnfrule value="12">e =%%spellout-ordinal=;</rbnfrule>
            </ruleset>
            <ruleset type="spellout-ordinal" access="private">
                <rbnfrule value="1">unième;</rbnfrule>
                <rbnfrule value="2">deuxième;</rbnfrule>
                <rbnfrule value="3">troisième;</rbnfrule>
                <rbnfrule value="4">quatrième;</rbnfrule>
                <rbnfrule value="5">cinquième;</rbnfrule>
                <rbnfrule value="6">sixième;</rbnfrule>
                <rbnfrule value="7">septième;</rbnfrule>
                <rbnfrule value="8">huitième;</rbnfrule>
                <rbnfrule value="9">neuvième;</rbnfrule>
                <rbnfrule value="10">dixième;</rbnfrule>
                <rbnfrule value="11">onzième;</rbnfrule>
                <rbnfrule value="12">douzième;</rbnfrule>
                <rbnfrule value="13">treizième;</rbnfrule>
                <rbnfrule value="14">quatorzième;</rbnfrule>
                <rbnfrule value="15">quinzième;</rbnfrule>
                <rbnfrule value="16">seizième;</rbnfrule>
                <rbnfrule value="17">dix-→→;</rbnfrule>
                <rbnfrule value="20">vingtième;</rbnfrule>
                <rbnfrule value="21">vingt-→%%et-unieme→;</rbnfrule>
                <rbnfrule value="30">trentième;</rbnfrule>
                <rbnfrule value="31">trente-→%%et-unieme→;</rbnfrule>
                <rbnfrule value="40">quarantième;</rbnfrule>
                <rbnfrule value="41">quarante-→%%et-unieme→;</rbnfrule>
                <rbnfrule value="50">cinquantième;</rbnfrule>
                <rbnfrule value="51">cinquante-→%%et-unieme→;</rbnfrule>
                <rbnfrule value="60">soixantième;</rbnfrule>
                <rbnfrule value="61" radix="20">soixante-→%%et-unieme→;</rbnfrule>
                <rbnfrule value="80" radix="20">quatre-vingt→%%subcents-o→;</rbnfrule>
                <rbnfrule value="100">cent→%%cents-o→;</rbnfrule>
                <rbnfrule value="200">←%spellout-cardinal-masculine← cent→%%cents-o→;</rbnfrule>
                <rbnfrule value="1000">mill→%%mille-o→;</rbnfrule>
                <rbnfrule value="2000">←%%spellout-leading← mill→%%mille-o→;</rbnfrule>
                <rbnfrule value="1000000">←%%spellout-leading← million→%%cents-o→;</rbnfrule>
                <rbnfrule value="1000000000">←%%spellout-leading← milliard→%%cents-o→;</rbnfrule>
                <rbnfrule value="1000000000000">←%%spellout-leading← billion→%%cents-o→;</rbnfrule>
                <rbnfrule value="1000000000000000">←%%spellout-leading← billiard→%%cents-o→;</rbnfrule>
                <rbnfrule value="1000000000000000000">=#,##0=;</rbnfrule>
            </ruleset>
            <ruleset type="spellout-ordinal-masculine-plural">
                <rbnfrule value="0">=%spellout-ordinal-masculine=s;</rbnfrule>
            </ruleset>
            <ruleset type="spellout-ordinal-masculine">
                <rbnfrule value="-x">moins →→;</rbnfrule>
                <rbnfrule value="x.x">=#,##0.#=;</rbnfrule>
                <rbnfrule value="0">zéroième;</rbnfrule>
                <rbnfrule value="1">premier;</rbnfrule>
                <rbnfrule value="2">=%%spellout-ordinal=;</rbnfrule>
            </ruleset>
            <ruleset type="spellout-ordinal-feminine-plural">
                <rbnfrule value="0">=%spellout-ordinal-feminine=s;</rbnfrule>
            </ruleset>
            <ruleset type="spellout-ordinal-feminine">
                <rbnfrule value="-x">moins →→;</rbnfrule>
                <rbnfrule value="x.x">=#,##0.#=;</rbnfrule>
                <rbnfrule value="0">zéroième;</rbnfrule>
                <rbnfrule value="1">première;</rbnfrule>
                <rbnfrule value="2">=%%spellout-ordinal=;</rbnfrule>
            </ruleset>
        </rulesetGrouping>
        <rulesetGrouping type="OrdinalRules">
            <ruleset type="digits-ordinal-masculine">
                <rbnfrule value="-x">−→→;</rbnfrule>
                <rbnfrule value="0">=#,##0=$(ordinal,one{er}other{e})$;</rbnfrule>
            </ruleset>
            <ruleset type="digits-ordinal-feminine">
                <rbnfrule value="-x">−→→;</rbnfrule>
                <rbnfrule value="0">=#,##0=$(ordinal,one{re}other{e})$;</rbnfrule>
            </ruleset>
            <ruleset type="digits-ordinal-masculine-plural">
                <rbnfrule value="-x">−→→;</rbnfrule>
                <rbnfrule value="0">=#,##0=$(ordinal,one{ers}other{es})$;</rbnfrule>
            </ruleset>
            <ruleset type="digits-ordinal-feminine-plural">
                <rbnfrule value="-x">−→→;</rbnfrule>
                <rbnfrule value="0">=#,##0=$(ordinal,one{res}other{es})$;</rbnfrule>
            </ruleset>
            <ruleset type="digits-ordinal">
                <rbnfrule value="0">=%digits-ordinal-masculine=;</rbnfrule>
            </ruleset>
        </rulesetGrouping>
    </rbnf>
</ldml>
