<?xml version="1.0" encoding="UTF-8" ?>
<!DOCTYPE ldml SYSTEM "../../common/dtd/ldml.dtd">
<!--
Copyright © 1991-2014 Unicode, Inc.
CLDR data files are interpreted according to the LDML specification (http://unicode.org/reports/tr35/)
For terms of use, see http://www.unicode.org/copyright.html
-->
<ldml>
    <identity>
        <version number="$Revision$"/>
        <language type="id"/>
    </identity>
    <rbnf>
        <rulesetGrouping type="SpelloutRules">
            <ruleset type="spellout-numbering-year">
                <rbnfrule value="x.x">=0.0=;</rbnfrule>
                <rbnfrule value="0">=%spellout-numbering=;</rbnfrule>
            </ruleset>
            <ruleset type="spellout-numbering">
                <rbnfrule value="0">=%spellout-cardinal=;</rbnfrule>
            </ruleset>
            <ruleset type="spellout-cardinal">
                <rbnfrule value="-x">negatif →→;</rbnfrule>
                <rbnfrule value="x.x">←← titik →→;</rbnfrule>
                <rbnfrule value="0">kosong;</rbnfrule>
                <rbnfrule value="1">satu;</rbnfrule>
                <rbnfrule value="2">dua;</rbnfrule>
                <rbnfrule value="3">tiga;</rbnfrule>
                <rbnfrule value="4">empat;</rbnfrule>
                <rbnfrule value="5">lima;</rbnfrule>
                <rbnfrule value="6">enam;</rbnfrule>
                <rbnfrule value="7">tujuh;</rbnfrule>
                <rbnfrule value="8">delapan;</rbnfrule>
                <rbnfrule value="9">sembilan;</rbnfrule>
                <rbnfrule value="10">sepuluh;</rbnfrule>
                <rbnfrule value="11">sebelas;</rbnfrule>
                <rbnfrule value="12">→→ belas;</rbnfrule>
                <rbnfrule value="20">←← puluh[ →→];</rbnfrule>
                <rbnfrule value="100">seratus[ →→];</rbnfrule>
                <rbnfrule value="200">←← ratus[ →→];</rbnfrule>
                <rbnfrule value="1000">seribu[ →→];</rbnfrule>
                <rbnfrule value="2000">←← ribu[ →→];</rbnfrule>
                <rbnfrule value="1000000">←← juta[ →→];</rbnfrule>
                <rbnfrule value="1000000000">←← miliar[ →→];</rbnfrule>
                <rbnfrule value="1000000000000">←← triliun[ →→];</rbnfrule>
                <rbnfrule value="1000000000000000">←← kuadriliun[ →→];</rbnfrule>
                <rbnfrule value="1000000000000000000">=#,##0.#=;</rbnfrule>
            </ruleset>
            <ruleset type="spellout-ordinal">
                <rbnfrule value="-x">negatif →→;</rbnfrule>
                <rbnfrule value="x.x">=#,##0.#=;</rbnfrule>
                <rbnfrule value="0">ke=%spellout-cardinal=;</rbnfrule>
            </ruleset>
        </rulesetGrouping>
        <rulesetGrouping type="OrdinalRules">
            <ruleset type="digits-ordinal">
                <rbnfrule value="-x">−ke-→#,##0→;</rbnfrule>
                <rbnfrule value="0">ke-=#,##0=;</rbnfrule>
            </ruleset>
        </rulesetGrouping>
    </rbnf>
</ldml>
