<?xml version="1.0" encoding="UTF-8" ?>
<!DOCTYPE ldml SYSTEM "../../common/dtd/ldml.dtd">
<!--
Copyright © 1991-2022 Unicode, Inc.
For terms of use, see http://www.unicode.org/copyright.html
SPDX-License-Identifier: Unicode-DFS-2016
CLDR data files are interpreted according to the LDML specification (http://unicode.org/reports/tr35/)
-->
<ldml>
    <identity>
        <version number="$Revision$"/>
        <language type="kk"/>
    </identity>
    <rbnf>
        <rulesetGrouping type="SpelloutRules">
            <ruleset type="spellout-numbering-year">
                <rbnfrule value="0">=%spellout-numbering=;</rbnfrule>
            </ruleset>
            <ruleset type="spellout-numbering">
                <rbnfrule value="0">=%spellout-cardinal=;</rbnfrule>
            </ruleset>
            <ruleset type="spellout-cardinal">
                <rbnfrule value="-x">минус →→;</rbnfrule>
                <rbnfrule value="x.x">←← бүтін →%%fractions→;</rbnfrule>
                <rbnfrule value="0">нөл;</rbnfrule>
                <rbnfrule value="1">бір;</rbnfrule>
                <rbnfrule value="2">екі;</rbnfrule>
                <rbnfrule value="3">үш;</rbnfrule>
                <rbnfrule value="4">төрт;</rbnfrule>
                <rbnfrule value="5">бес;</rbnfrule>
                <rbnfrule value="6">алты;</rbnfrule>
                <rbnfrule value="7">жеті;</rbnfrule>
                <rbnfrule value="8">сегіз;</rbnfrule>
                <rbnfrule value="9">тоғыз;</rbnfrule>
                <rbnfrule value="10">он[ →→];</rbnfrule>
                <rbnfrule value="20">жиырма[ →→];</rbnfrule>
                <rbnfrule value="30">отыз[ →→];</rbnfrule>
                <rbnfrule value="40">қырық[ →→];</rbnfrule>
                <rbnfrule value="50">елу[ →→];</rbnfrule>
                <rbnfrule value="60">алпыс[ →→];</rbnfrule>
                <rbnfrule value="70">жетпіс[ →→];</rbnfrule>
                <rbnfrule value="80">сексен[ →→];</rbnfrule>
                <rbnfrule value="90">тоқсан[ →→];</rbnfrule>
                <rbnfrule value="100">жүз[ →→];</rbnfrule>
                <rbnfrule value="200">←← жүз[ →→];</rbnfrule>
                <rbnfrule value="1000">мың[ →→];</rbnfrule>
                <rbnfrule value="2000">←← мың[ →→];</rbnfrule>
                <rbnfrule value="1000000">миллион[ →→];</rbnfrule>
                <rbnfrule value="2000000">←← миллион[ →→];</rbnfrule>
                <rbnfrule value="1000000000">миллиард[ →→];</rbnfrule>
                <rbnfrule value="2000000000">←← миллиард[ →→];</rbnfrule>
                <rbnfrule value="1000000000000">триллион[ →→];</rbnfrule>
                <rbnfrule value="2000000000000">←← триллион[ →→];</rbnfrule>
                <rbnfrule value="1000000000000000">квадриллион[ →→];</rbnfrule>
                <rbnfrule value="2000000000000000">←← квадриллион[ →→];</rbnfrule>
                <rbnfrule value="1000000000000000000">=#,##0=;</rbnfrule>
            </ruleset>
            <ruleset type="fractions" access="private">
                <rbnfrule value="10">оннан ←%spellout-cardinal←;</rbnfrule>
                <rbnfrule value="100">жүзден ←%spellout-cardinal←;</rbnfrule>
                <rbnfrule value="1000">мыңнан ←%spellout-cardinal←;</rbnfrule>
                <rbnfrule value="10000">он мыңнан ←%spellout-cardinal←;</rbnfrule>
                <rbnfrule value="100000">жүз мыңнан ←%spellout-cardinal←;</rbnfrule>
                <rbnfrule value="1000000">миллионнан ←%spellout-cardinal←;</rbnfrule>
                <rbnfrule value="10000000">он миллионнан ←%spellout-cardinal←;</rbnfrule>
                <rbnfrule value="100000000">жүз миллионнан ←%spellout-cardinal←;</rbnfrule>
                <rbnfrule value="1000000000">миллиардтан ←%spellout-cardinal←;</rbnfrule>
                <rbnfrule value="10000000000">он миллиардтан ←%spellout-cardinal←;</rbnfrule>
                <rbnfrule value="100000000000">жүз миллиардтан ←%spellout-cardinal←;</rbnfrule>
                <rbnfrule value="1000000000000">←0←;</rbnfrule>
            </ruleset>
            <ruleset type="spellout-ordinal">
                <rbnfrule value="-x">минус →→;</rbnfrule>
                <rbnfrule value="x.x">←← бүтін →→;</rbnfrule>
                <rbnfrule value="0">нөлінші;</rbnfrule>
                <rbnfrule value="1">бірінші;</rbnfrule>
                <rbnfrule value="2">екінші;</rbnfrule>
                <rbnfrule value="3">үшінші;</rbnfrule>
                <rbnfrule value="4">төртінші;</rbnfrule>
                <rbnfrule value="5">бесінші;</rbnfrule>
                <rbnfrule value="6">алтыншы;</rbnfrule>
                <rbnfrule value="7">жетінші;</rbnfrule>
                <rbnfrule value="8">сегізінші;</rbnfrule>
                <rbnfrule value="9">тоғызыншы;</rbnfrule>
                <rbnfrule value="10">оныншы;</rbnfrule>
                <rbnfrule value="11">он→%%ordinal-yeru-suffix→;</rbnfrule>
                <rbnfrule value="20">жиырмасыншы;</rbnfrule>
                <rbnfrule value="21">жиырма →→;</rbnfrule>
                <rbnfrule value="30">отыз→%%ordinal-yeru-suffix→;</rbnfrule>
                <rbnfrule value="40">қырық→%%ordinal-yeru-suffix→;</rbnfrule>
                <rbnfrule value="50">елу→%%ordinal-i-suffix→;</rbnfrule>
                <rbnfrule value="60">алпыс→%%ordinal-yeru-suffix→;</rbnfrule>
                <rbnfrule value="70">жетпіс→%%ordinal-i-suffix→;</rbnfrule>
                <rbnfrule value="80">сексен→%%ordinal-i-suffix→;</rbnfrule>
                <rbnfrule value="90">тоқсан→%%ordinal-yeru-suffix→;</rbnfrule>
                <rbnfrule value="100">жүз→%%ordinal-i-suffix→;</rbnfrule>
                <rbnfrule value="200">←%spellout-cardinal← жүз→%%ordinal-i-suffix→;</rbnfrule>
                <rbnfrule value="1000">мың→%%ordinal-yeru-suffix→;</rbnfrule>
                <rbnfrule value="2000">←%spellout-cardinal← мың→%%ordinal-yeru-suffix→;</rbnfrule>
                <rbnfrule value="1000000">миллион→%%ordinal-yeru-suffix→;</rbnfrule>
                <rbnfrule value="2000000">←%spellout-cardinal← миллион→%%ordinal-yeru-suffix→;</rbnfrule>
                <rbnfrule value="1000000000">миллиард→%%ordinal-yeru-suffix→;</rbnfrule>
                <rbnfrule value="2000000000">←%spellout-cardinal← миллиард→%%ordinal-yeru-suffix→;</rbnfrule>
                <rbnfrule value="1000000000000">триллион→%%ordinal-yeru-suffix→;</rbnfrule>
                <rbnfrule value="2000000000000">←%spellout-cardinal← триллион→%%ordinal-yeru-suffix→;</rbnfrule>
                <rbnfrule value="1000000000000000">квадриллион→%%ordinal-yeru-suffix→;</rbnfrule>
                <rbnfrule value="2000000000000000">←%spellout-cardinal← квадриллион→%%ordinal-yeru-suffix→;</rbnfrule>
                <rbnfrule value="1000000000000000000">=#,##0=;</rbnfrule>
            </ruleset>
            <ruleset type="ordinal-i-suffix" access="private">
                <rbnfrule value="0">інші;</rbnfrule>
                <rbnfrule value="1">' =%spellout-ordinal=;</rbnfrule>
            </ruleset>
            <ruleset type="ordinal-yeru-suffix" access="private">
                <rbnfrule value="0">ыншы;</rbnfrule>
                <rbnfrule value="1">' =%spellout-ordinal=;</rbnfrule>
            </ruleset>
        </rulesetGrouping>
        <rulesetGrouping type="OrdinalRules">
            <ruleset type="digits-ordinal">
                <rbnfrule value="-x">−→→;</rbnfrule>
                <rbnfrule value="0">=#,##0=-$(ordinal,many{шы}other{ші})$;</rbnfrule>
            </ruleset>
        </rulesetGrouping>
    </rbnf>
</ldml>
