<?xml version="1.0" encoding="UTF-8" ?>
<!DOCTYPE ldml SYSTEM "../../common/dtd/ldml.dtd">
<!--
Copyright © 2018 Unicode, Inc.
CLDR data files are interpreted according to the LDML specification (http://unicode.org/reports/tr35/)
For terms of use, see http://www.unicode.org/copyright.html
-->
<ldml>
    <identity>
        <version number="$Revision$"/>
        <language type="lb"/>
    </identity>
    <rbnf>
        <rulesetGrouping type="SpelloutRules">
            <ruleset type="spellout-numbering-year">
                <rbnfrule value="Inf">Éiwegkeet;</rbnfrule>
                <rbnfrule value="NaN">net eng Nummer;</rbnfrule>
                <rbnfrule value="-x">minus →→;</rbnfrule>
                <rbnfrule value="x.x">=0.0=;</rbnfrule>
                <rbnfrule value="0">=%spellout-cardinal-neuter=;</rbnfrule>
                <rbnfrule value="1010" radix="100">←%spellout-cardinal-masculine←honnert[→%spellout-cardinal-neuter→];</rbnfrule>
                <rbnfrule value="2000">=%spellout-cardinal-neuter=;</rbnfrule>
                <rbnfrule value="2010" radix="100">←%spellout-cardinal-masculine←honnert[→%spellout-cardinal-neuter→];</rbnfrule>
                <rbnfrule value="3000">=%spellout-cardinal-neuter=;</rbnfrule>
                <rbnfrule value="3010" radix="100">←%spellout-cardinal-masculine←honnert[→%spellout-cardinal-neuter→];</rbnfrule>
                <rbnfrule value="4000">=%spellout-cardinal-neuter=;</rbnfrule>
                <rbnfrule value="4010" radix="100">←%spellout-cardinal-masculine←honnert[→%spellout-cardinal-neuter→];</rbnfrule>
                <rbnfrule value="5000">=%spellout-cardinal-neuter=;</rbnfrule>
                <rbnfrule value="5010" radix="100">←%spellout-cardinal-masculine←honnert[→%spellout-cardinal-neuter→];</rbnfrule>
                <rbnfrule value="6000">=%spellout-cardinal-neuter=;</rbnfrule>
                <rbnfrule value="6010" radix="100">←%spellout-cardinal-masculine←honnert[→%spellout-cardinal-neuter→];</rbnfrule>
                <rbnfrule value="7000">=%spellout-cardinal-neuter=;</rbnfrule>
                <rbnfrule value="7010" radix="100">←%spellout-cardinal-masculine←honnert[→%spellout-cardinal-neuter→];</rbnfrule>
                <rbnfrule value="8000">=%spellout-cardinal-neuter=;</rbnfrule>
                <rbnfrule value="8010" radix="100">←%spellout-cardinal-masculine←honnert[→%spellout-cardinal-neuter→];</rbnfrule>
                <rbnfrule value="9000">=%spellout-cardinal-neuter=;</rbnfrule>
                <rbnfrule value="9010" radix="100">←%spellout-cardinal-masculine←honnert[→%spellout-cardinal-neuter→];</rbnfrule>
                <rbnfrule value="10000">=%spellout-cardinal-neuter=;</rbnfrule>
            </ruleset>
            <ruleset type="spellout-numbering">
                <rbnfrule value="0">=%spellout-cardinal-masculine=;</rbnfrule>
            </ruleset>
            <ruleset type="spellout-cardinal-masculine">
                <rbnfrule value="Inf">Onendlechkeet;</rbnfrule>
                <rbnfrule value="NaN">net eng Nummer;</rbnfrule>
                <rbnfrule value="-x">minus →→;</rbnfrule>
                <rbnfrule value="x.x">←← Komma →→;</rbnfrule>
                <rbnfrule value="0">null;</rbnfrule>
                <rbnfrule value="1">eent;</rbnfrule>
                <rbnfrule value="2">zwee;</rbnfrule>
                <rbnfrule value="3">dräi;</rbnfrule>
                <rbnfrule value="4">véier;</rbnfrule>
                <rbnfrule value="5">fënnef;</rbnfrule>
                <rbnfrule value="6">sechs;</rbnfrule>
                <rbnfrule value="7">siwen;</rbnfrule>
                <rbnfrule value="8">aacht;</rbnfrule>
                <rbnfrule value="9">néng;</rbnfrule>
                <rbnfrule value="10">zéng;</rbnfrule>
                <rbnfrule value="11">eelef;</rbnfrule>
                <rbnfrule value="12">zwielef;</rbnfrule>
                <rbnfrule value="13">dräizéng;</rbnfrule>
                <rbnfrule value="14">véierzéng;</rbnfrule>
                <rbnfrule value="15">fofzéng;</rbnfrule>
                <rbnfrule value="16">siechzéng;</rbnfrule>
                <rbnfrule value="17">siwwenzéng;</rbnfrule>
                <rbnfrule value="18">uechtzéng;</rbnfrule>
                <rbnfrule value="19">nonzéng;</rbnfrule>
                <rbnfrule value="20">[→%spellout-cardinal-neuter→an]zwanzeg;</rbnfrule>
                <rbnfrule value="30">[→%spellout-cardinal-neuter→an]drësseg;</rbnfrule>
                <rbnfrule value="40">[→%spellout-cardinal-neuter→an]véierzeg;</rbnfrule>
                <rbnfrule value="50">[→%spellout-cardinal-neuter→an]fofzeg;</rbnfrule>
                <rbnfrule value="60">[→%spellout-cardinal-neuter→an]siechzeg;</rbnfrule>
                <rbnfrule value="70">[→%spellout-cardinal-neuter→an]siwwenzeg;</rbnfrule>
                <rbnfrule value="80">[→%spellout-cardinal-neuter→an]achtzeg;</rbnfrule>
                <rbnfrule value="90">[→%spellout-cardinal-neuter→an]nonzeg;</rbnfrule>
                <rbnfrule value="100">­honnert­[→→];</rbnfrule>
                <rbnfrule value="200">←%spellout-cardinal-masculine←­honnert­[→→];</rbnfrule>
                <rbnfrule value="1000">­dausend­[→→];</rbnfrule>
                <rbnfrule value="2000">←%spellout-cardinal-masculine←­dausend­[→→];</rbnfrule>
                <rbnfrule value="1000000">←%spellout-cardinal-feminine← $(cardinal,one{Millioun}other{Milliounen})$[ →→];</rbnfrule>
                <rbnfrule value="1000000000">←%spellout-cardinal-feminine← $(cardinal,one{Milliard}other{Milliarden})$[ →→];</rbnfrule>
                <rbnfrule value="1000000000000">←%spellout-cardinal-feminine← $(cardinal,one{Billioun}other{Billiounen})$[ →→];</rbnfrule>
                <rbnfrule value="1000000000000000">←%spellout-cardinal-feminine← $(cardinal,one{Billiard}other{Billiarden})$[ →→];</rbnfrule>
                <rbnfrule value="1000000000000000000">=#,##0=;</rbnfrule>
            </ruleset>
            <ruleset type="spellout-cardinal-feminine">
                <rbnfrule value="Inf">Onendlechkeet;</rbnfrule>
                <rbnfrule value="NaN">net eng Nummer;</rbnfrule>
                <rbnfrule value="-x">minus →→;</rbnfrule>
                <rbnfrule value="x.x">=%spellout-cardinal-masculine=;</rbnfrule>
                <rbnfrule value="0">null;</rbnfrule>
                <rbnfrule value="1">eng;</rbnfrule>
                <rbnfrule value="2">zwou;</rbnfrule>
                <rbnfrule value="3">=%spellout-cardinal-masculine=;</rbnfrule>
                <rbnfrule value="100">­honnert­[→→];</rbnfrule>
                <rbnfrule value="200">←%spellout-cardinal-masculine←­honnert­[→→];</rbnfrule>
                <rbnfrule value="1000">­dausend­[→→];</rbnfrule>
                <rbnfrule value="2000">←%spellout-cardinal-masculine←­dausend­[→→];</rbnfrule>
                <rbnfrule value="1000000">←%spellout-cardinal-feminine← $(cardinal,one{Millioun}other{Milliounen})$[ →→];</rbnfrule>
                <rbnfrule value="1000000000">←%spellout-cardinal-feminine← $(cardinal,one{Milliard}other{Milliarden})$[ →→];</rbnfrule>
                <rbnfrule value="1000000000000">←%spellout-cardinal-feminine← $(cardinal,one{Billioun}other{Billiounen})$[ →→];</rbnfrule>
                <rbnfrule value="1000000000000000">←%spellout-cardinal-feminine← $(cardinal,one{Billiard}other{Billiarden})$[ →→];</rbnfrule>
                <rbnfrule value="1000000000000000000">=#,##0=;</rbnfrule>
            </ruleset>
            <ruleset type="spellout-cardinal-neuter">
                <rbnfrule value="Inf">Onendlechkeet;</rbnfrule>
                <rbnfrule value="NaN">net eng Nummer;</rbnfrule>
                <rbnfrule value="-x">minus →→;</rbnfrule>
                <rbnfrule value="x.x">=%spellout-cardinal-masculine=;</rbnfrule>
                <rbnfrule value="0">null;</rbnfrule>
                <rbnfrule value="1">een;</rbnfrule>
                <rbnfrule value="2">=%spellout-cardinal-masculine=;</rbnfrule>
                <rbnfrule value="100">­honnert­[→→];</rbnfrule>
                <rbnfrule value="200">←%spellout-cardinal-masculine←­honnert­[→→];</rbnfrule>
                <rbnfrule value="1000">­dausend­[→→];</rbnfrule>
                <rbnfrule value="2000">←%spellout-cardinal-masculine←­dausend­[→→];</rbnfrule>
                <rbnfrule value="1000000">←%spellout-cardinal-feminine← $(cardinal,one{Millioun}other{Milliounen})$[ →→];</rbnfrule>
                <rbnfrule value="1000000000">←%spellout-cardinal-feminine← $(cardinal,one{Milliard}other{Milliarden})$[ →→];</rbnfrule>
                <rbnfrule value="1000000000000">←%spellout-cardinal-feminine← $(cardinal,one{Billioun}other{Billiounen})$[ →→];</rbnfrule>
                <rbnfrule value="1000000000000000">←%spellout-cardinal-feminine← $(cardinal,one{Billiard}other{Billiarden})$[ →→];</rbnfrule>
                <rbnfrule value="1000000000000000000">=#,##0=;</rbnfrule>
            </ruleset>
            <ruleset type="spellout-ordinal-masculine">
                <rbnfrule value="Inf">onendlechten;</rbnfrule>
                <rbnfrule value="NaN">net eng Nummer;</rbnfrule>
                <rbnfrule value="-x">minus →→;</rbnfrule>
                <rbnfrule value="x.x">=#,##0.0=.;</rbnfrule>
                <rbnfrule value="0">nullten;</rbnfrule>
                <rbnfrule value="1">éischten;</rbnfrule>
                <rbnfrule value="2">zweeten;</rbnfrule>
                <rbnfrule value="3">drëtten;</rbnfrule>
                <rbnfrule value="4">véierten;</rbnfrule>
                <rbnfrule value="5">fënneften;</rbnfrule>
                <rbnfrule value="6">sechsten;</rbnfrule>
                <rbnfrule value="7">siwenten;</rbnfrule>
                <rbnfrule value="8">aachten;</rbnfrule>
                <rbnfrule value="9">=%spellout-cardinal-neuter=ten;</rbnfrule>
                <rbnfrule value="20">=%spellout-cardinal-neuter=sten;</rbnfrule>
                <rbnfrule value="100">­honnert­→%%ord-t-masc→;</rbnfrule>
                <rbnfrule value="200">←%spellout-cardinal-masculine←­honnert­→%%ord-t-masc→;</rbnfrule>
                <rbnfrule value="1000">­dausend­→%%ord-t-masc→;</rbnfrule>
                <rbnfrule value="2000">←%spellout-cardinal-masculine←­dausend­→%%ord-t-masc→;</rbnfrule>
                <rbnfrule value="1000000">←%spellout-cardinal-feminine← $(cardinal,one{Millioun}other{Milliounen})$→%%ord-M-masc→;</rbnfrule>
                <rbnfrule value="1000000000">←%spellout-cardinal-feminine← $(cardinal,one{Milliard}other{Milliarden})$→%%ord-M-masc→;</rbnfrule>
                <rbnfrule value="1000000000000">←%spellout-cardinal-feminine← $(cardinal,one{Billioun}other{Billiounen})$→%%ord-M-masc→;</rbnfrule>
                <rbnfrule value="1000000000000000">←%spellout-cardinal-feminine← $(cardinal,one{Billiard}other{Billiarden})$→%%ord-M-masc→;</rbnfrule>
                <rbnfrule value="1000000000000000000">=#,##0=.;</rbnfrule>
            </ruleset>
            <ruleset type="ord-t-masc" access="private">
                <rbnfrule value="0">en;</rbnfrule>
                <rbnfrule value="1">=%spellout-ordinal-masculine=;</rbnfrule>
            </ruleset>
            <ruleset type="ord-M-masc" access="private">
                <rbnfrule value="0">ten;</rbnfrule>
                <rbnfrule value="1">' =%spellout-ordinal-masculine=;</rbnfrule>
            </ruleset>
            <ruleset type="spellout-ordinal-feminine">
                <rbnfrule value="Inf">onendlechter;</rbnfrule>
                <rbnfrule value="NaN">net eng Nummer;</rbnfrule>
                <rbnfrule value="-x">minus →→;</rbnfrule>
                <rbnfrule value="x.x">=#,##0.0=.;</rbnfrule>
                <rbnfrule value="0">nullter;</rbnfrule>
                <rbnfrule value="1">éischter;</rbnfrule>
                <rbnfrule value="2">zweeter;</rbnfrule>
                <rbnfrule value="3">drëtter;</rbnfrule>
                <rbnfrule value="4">véierter;</rbnfrule>
                <rbnfrule value="5">fënnefter;</rbnfrule>
                <rbnfrule value="6">sechster;</rbnfrule>
                <rbnfrule value="7">siwenter;</rbnfrule>
                <rbnfrule value="8">aachter;</rbnfrule>
                <rbnfrule value="9">=%spellout-cardinal-neuter=ter;</rbnfrule>
                <rbnfrule value="20">=%spellout-cardinal-neuter=ster;</rbnfrule>
                <rbnfrule value="100">­honnert­→%%ord-t-fem→;</rbnfrule>
                <rbnfrule value="200">←%spellout-cardinal-masculine←­honnert­→%%ord-t-fem→;</rbnfrule>
                <rbnfrule value="1000">­dausend­→%%ord-t-fem→;</rbnfrule>
                <rbnfrule value="2000">←%spellout-cardinal-masculine←­dausend­→%%ord-t-fem→;</rbnfrule>
                <rbnfrule value="1000000">←%spellout-cardinal-feminine← $(cardinal,one{Millioun}other{Milliounen})$→%%ord-M-fem→;</rbnfrule>
                <rbnfrule value="1000000000">←%spellout-cardinal-feminine← $(cardinal,one{Milliard}other{Milliarden})$→%%ord-M-fem→;</rbnfrule>
                <rbnfrule value="1000000000000">←%spellout-cardinal-feminine← $(cardinal,one{Billioun}other{Billiounen})$→%%ord-M-fem→;</rbnfrule>
                <rbnfrule value="1000000000000000">←%spellout-cardinal-feminine← $(cardinal,one{Billiard}other{Billiarden})$→%%ord-M-fem→;</rbnfrule>
                <rbnfrule value="1000000000000000000">=#,##0=.;</rbnfrule>
            </ruleset>
            <ruleset type="ord-t-fem" access="private">
                <rbnfrule value="0">er;</rbnfrule>
                <rbnfrule value="1">=%spellout-ordinal-feminine=;</rbnfrule>
            </ruleset>
            <ruleset type="ord-M-fem" access="private">
                <rbnfrule value="0">ter;</rbnfrule>
                <rbnfrule value="1">' =%spellout-ordinal-feminine=;</rbnfrule>
            </ruleset>
            <ruleset type="spellout-ordinal-neuter">
                <rbnfrule value="Inf">onendlecht;</rbnfrule>
                <rbnfrule value="NaN">net eng Nummer;</rbnfrule>
                <rbnfrule value="-x">minus →→;</rbnfrule>
                <rbnfrule value="x.x">=#,##0.0=.;</rbnfrule>
                <rbnfrule value="0">nullt;</rbnfrule>
                <rbnfrule value="1">éischt;</rbnfrule>
                <rbnfrule value="2">zweet;</rbnfrule>
                <rbnfrule value="3">drëtt;</rbnfrule>
                <rbnfrule value="4">véiert;</rbnfrule>
                <rbnfrule value="5">fënneft;</rbnfrule>
                <rbnfrule value="6">sechst;</rbnfrule>
                <rbnfrule value="7">siwent;</rbnfrule>
                <rbnfrule value="8">aacht;</rbnfrule>
                <rbnfrule value="9">=%spellout-cardinal-neuter=t;</rbnfrule>
                <rbnfrule value="20">=%spellout-cardinal-neuter=st;</rbnfrule>
                <rbnfrule value="100">­honnert­→%%ord-t-neut→;</rbnfrule>
                <rbnfrule value="200">←%spellout-cardinal-masculine←­honnert­→%%ord-t-neut→;</rbnfrule>
                <rbnfrule value="1000">­dausend­→%%ord-t-neut→;</rbnfrule>
                <rbnfrule value="2000">←%spellout-cardinal-masculine←­dausend­→%%ord-t-neut→;</rbnfrule>
                <rbnfrule value="1000000">←%spellout-cardinal-feminine← $(cardinal,one{Millioun}other{Milliounen})$→%%ord-M-neut→;</rbnfrule>
                <rbnfrule value="1000000000">←%spellout-cardinal-feminine← $(cardinal,one{Milliard}other{Milliarden})$→%%ord-M-neut→;</rbnfrule>
                <rbnfrule value="1000000000000">←%spellout-cardinal-feminine← $(cardinal,one{Billioun}other{Billiounen})$→%%ord-M-neut→;</rbnfrule>
                <rbnfrule value="1000000000000000">←%spellout-cardinal-feminine← $(cardinal,one{Billiard}other{Billiarden})$→%%ord-M-neut→;</rbnfrule>
                <rbnfrule value="1000000000000000000">=#,##0=.;</rbnfrule>
            </ruleset>
            <ruleset type="ord-t-neut" access="private">
                <rbnfrule value="0">et;</rbnfrule>
                <rbnfrule value="1">=%spellout-ordinal-neuter=;</rbnfrule>
            </ruleset>
            <ruleset type="ord-M-neut" access="private">
                <rbnfrule value="0">t;</rbnfrule>
                <rbnfrule value="1">' =%spellout-ordinal-neuter=;</rbnfrule>
            </ruleset>
        </rulesetGrouping>
    </rbnf>
</ldml>
