<?xml version="1.0" encoding="UTF-8" ?>
<!DOCTYPE ldml SYSTEM "../../common/dtd/ldml.dtd">
<!--
Copyright © 2017 Unicode, Inc.
CLDR data files are interpreted according to the LDML specification (http://unicode.org/reports/tr35/)
For terms of use, see http://www.unicode.org/copyright.html
-->
<ldml>
    <identity>
        <version number="$Revision$"/>
        <language type="lrc"/>
    </identity>
    <rbnf>
        <rulesetGrouping type="SpelloutRules">
            <ruleset type="spellout-numbering-year">
                <rbnfrule value="x.x">=0.0=;</rbnfrule>
                <rbnfrule value="0">=%spellout-numbering=;</rbnfrule>
            </ruleset>
            <ruleset type="spellout-numbering">
                <rbnfrule value="0">=%spellout-cardinal=;</rbnfrule>
            </ruleset>
            <ruleset type="spellout-cardinal">
                <rbnfrule value="-x">منفی →→;</rbnfrule>
                <rbnfrule value="x.x">←← مومٱیز →→;</rbnfrule>
                <rbnfrule value="0">صفر;</rbnfrule>
                <rbnfrule value="1">یٱک;</rbnfrule>
                <rbnfrule value="2">دۏ;</rbnfrule>
                <rbnfrule value="3">ساٛ;</rbnfrule>
                <rbnfrule value="4">چار;</rbnfrule>
                <rbnfrule value="5">پنج;</rbnfrule>
                <rbnfrule value="6">شٱش;</rbnfrule>
                <rbnfrule value="7">هفت;</rbnfrule>
                <rbnfrule value="8">هشت;</rbnfrule>
                <rbnfrule value="9">نۏ;</rbnfrule>
                <rbnfrule value="10">دٱ;</rbnfrule>
                <rbnfrule value="11">یازدٱ;</rbnfrule>
                <rbnfrule value="12">دۊۋازدٱ;</rbnfrule>
                <rbnfrule value="13">سینزٱ;</rbnfrule>
                <rbnfrule value="14">چاردٱ;</rbnfrule>
                <rbnfrule value="15">پۊمزٱ;</rbnfrule>
                <rbnfrule value="16">شۊمزٱ;</rbnfrule>
                <rbnfrule value="17">هاٛبدٱ;</rbnfrule>
                <rbnfrule value="18">هیژدٱ;</rbnfrule>
                <rbnfrule value="19">نۊزدٱ;</rbnfrule>
                <rbnfrule value="20">بیست[ و →→];</rbnfrule>
                <rbnfrule value="30">سی[ و →→];</rbnfrule>
                <rbnfrule value="40">چاٛهل[ و →→];</rbnfrule>
                <rbnfrule value="50">پنجا[ و →→];</rbnfrule>
                <rbnfrule value="60">شٱصد[ و →→];</rbnfrule>
                <rbnfrule value="70">هفتاد[ و →→];</rbnfrule>
                <rbnfrule value="80">هشتاد[ و →→];</rbnfrule>
                <rbnfrule value="90">نٱۋد[ و →→];</rbnfrule>
                <rbnfrule value="100">صد[ و →→];</rbnfrule>
                <rbnfrule value="200">داٛۋیسد[ و →→];</rbnfrule>
                <rbnfrule value="300">سیصد[ و →→];</rbnfrule>
                <rbnfrule value="400">چارصد[ و →→];</rbnfrule>
                <rbnfrule value="500">پۊمصد[ و →→];</rbnfrule>
                <rbnfrule value="600">شٱشصد[ و →→];</rbnfrule>
                <rbnfrule value="700">هفصد[ و →→];</rbnfrule>
                <rbnfrule value="800">هشصد[ و →→];</rbnfrule>
                <rbnfrule value="900">نۏصد[ و →→];</rbnfrule>
                <rbnfrule value="1000">←← هزار[ و →→];</rbnfrule>
                <rbnfrule value="1000000">←← ماٛلیۊن[ و →→];</rbnfrule>
                <rbnfrule value="1000000000">←← میلیارد[ و →→];</rbnfrule>
                <rbnfrule value="1000000000000">←← هزار میلیاد[ و →→];</rbnfrule>
                <rbnfrule value="1000000000000000000">=#,##0=;</rbnfrule>
            </ruleset>
        </rulesetGrouping>
    </rbnf>
</ldml>
