<?xml version="1.0" encoding="UTF-8" ?>
<!DOCTYPE ldml SYSTEM "../../common/dtd/ldml.dtd">
<!--
Copyright 2021 Unicode, Inc.
CLDR data files are interpreted according to the LDML specification (http://unicode.org/reports/tr35/)
For terms of use, see http://www.unicode.org/copyright.html
-->
<ldml>
    <identity>
        <version number="$Revision$"/>
        <language type="ne"/>
    </identity>
    <rbnf>
        <rulesetGrouping type="SpelloutRules">
            <ruleset type="spellout-numbering-year">
                <rbnfrule value="-x">ऋणात्मक →→;</rbnfrule>
                <rbnfrule value="x.x">=#,##,##0.#=;</rbnfrule>
                <rbnfrule value="0">=%spellout-numbering=;</rbnfrule>
                <rbnfrule value="1000" radix="100">←← सय[ →→];</rbnfrule>
                <rbnfrule value="10000">=%spellout-numbering=;</rbnfrule>
            </ruleset>
            <ruleset type="spellout-numbering">
                <rbnfrule value="-x">ऋणात्मक →→;</rbnfrule>
                <rbnfrule value="x.x">←← दशमलव →→;</rbnfrule>
                <rbnfrule value="Inf">अनन्त;</rbnfrule>
                <rbnfrule value="0">शुन्य;</rbnfrule>
                <rbnfrule value="1">एक;</rbnfrule>
                <rbnfrule value="2">दुई;</rbnfrule>
                <rbnfrule value="3">तिन;</rbnfrule>
                <rbnfrule value="4">चार;</rbnfrule>
                <rbnfrule value="5">पाँच;</rbnfrule>
                <rbnfrule value="6">छ;</rbnfrule>
                <rbnfrule value="7">सात;</rbnfrule>
                <rbnfrule value="8">आठ;</rbnfrule>
                <rbnfrule value="9">नौ;</rbnfrule>
                <rbnfrule value="10">दस;</rbnfrule>
                <rbnfrule value="11">एघार;</rbnfrule>
                <rbnfrule value="12">बाह्र;</rbnfrule>
                <rbnfrule value="13">तेह्र;</rbnfrule>
                <rbnfrule value="14">चौध;</rbnfrule>
                <rbnfrule value="15">पन्ध्र;</rbnfrule>
                <rbnfrule value="16">सोह्र;</rbnfrule>
                <rbnfrule value="17">सत्र;</rbnfrule>
                <rbnfrule value="18">अठार;</rbnfrule>
                <rbnfrule value="19">उन्नाइस;</rbnfrule>
                <rbnfrule value="20">बिस;</rbnfrule>
                <rbnfrule value="21">एक्काइस;</rbnfrule>
                <rbnfrule value="22">बाइस;</rbnfrule>
                <rbnfrule value="23">तेइस;</rbnfrule>
                <rbnfrule value="24">चौबिस;</rbnfrule>
                <rbnfrule value="25">पच्चिस;</rbnfrule>
                <rbnfrule value="26">छब्बिस;</rbnfrule>
                <rbnfrule value="27">सत्ताइस;</rbnfrule>
                <rbnfrule value="28">अट्ठाइस;</rbnfrule>
                <rbnfrule value="29">उनन्तिस;</rbnfrule>
                <rbnfrule value="30">तिस;</rbnfrule>
                <rbnfrule value="31">एकतिस;</rbnfrule>
                <rbnfrule value="32">बत्तिस;</rbnfrule>
                <rbnfrule value="33">तेत्तिस;</rbnfrule>
                <rbnfrule value="34">चौँतिस;</rbnfrule>
                <rbnfrule value="35">पैँतिस;</rbnfrule>
                <rbnfrule value="36">छत्तिस;</rbnfrule>
                <rbnfrule value="37">सैँतिस;</rbnfrule>
                <rbnfrule value="38">अठतिस;</rbnfrule>
                <rbnfrule value="39">उनन्चालिस;</rbnfrule>
                <rbnfrule value="40">चालिस;</rbnfrule>
                <rbnfrule value="41">एकचालिस;</rbnfrule>
                <rbnfrule value="42">बयालिस;</rbnfrule>
                <rbnfrule value="43">त्रिचालिस;</rbnfrule>
                <rbnfrule value="44">चवालिस;</rbnfrule>
                <rbnfrule value="45">पैँतालिस;</rbnfrule>
                <rbnfrule value="46">छयालिस;</rbnfrule>
                <rbnfrule value="47">सतचालिस;</rbnfrule>
                <rbnfrule value="48">अठचालिस;</rbnfrule>
                <rbnfrule value="49">उनन्चास;</rbnfrule>
                <rbnfrule value="50">पचास;</rbnfrule>
                <rbnfrule value="51">एकाउन्न;</rbnfrule>
                <rbnfrule value="52">बाउन्न;</rbnfrule>
                <rbnfrule value="53">त्रिपन्न;</rbnfrule>
                <rbnfrule value="54">चवन्न;</rbnfrule>
                <rbnfrule value="55">पचपन्न;</rbnfrule>
                <rbnfrule value="56">छपन्न;</rbnfrule>
                <rbnfrule value="57">सन्ताउन्न;</rbnfrule>
                <rbnfrule value="58">अन्ठाउन्न;</rbnfrule>
                <rbnfrule value="59">उनन्साठी;</rbnfrule>
                <rbnfrule value="60">साठी;</rbnfrule>
                <rbnfrule value="61">एकसट्ठी;</rbnfrule>
                <rbnfrule value="62">बयसट्ठी;</rbnfrule>
                <rbnfrule value="63">त्रिसट्ठी;</rbnfrule>
                <rbnfrule value="64">चौसट्ठी;</rbnfrule>
                <rbnfrule value="65">पैँसट्ठी;</rbnfrule>
                <rbnfrule value="66">छयसट्ठी;</rbnfrule>
                <rbnfrule value="67">सतसट्ठी;</rbnfrule>
                <rbnfrule value="68">अठसट्ठी;</rbnfrule>
                <rbnfrule value="69">उनन्सत्तरी;</rbnfrule>
                <rbnfrule value="70">सत्तरी;</rbnfrule>
                <rbnfrule value="71">एकहत्तर;</rbnfrule>
                <rbnfrule value="72">बहत्तर;</rbnfrule>
                <rbnfrule value="73">त्रिहत्तर;</rbnfrule>
                <rbnfrule value="74">चौहत्तर;</rbnfrule>
                <rbnfrule value="75">पचहत्तर;</rbnfrule>
                <rbnfrule value="76">छयहत्तर;</rbnfrule>
                <rbnfrule value="77">सतहत्तर;</rbnfrule>
                <rbnfrule value="78">अठहत्तर;</rbnfrule>
                <rbnfrule value="79">उनासी;</rbnfrule>
                <rbnfrule value="80">असी;</rbnfrule>
                <rbnfrule value="81">एकासी;</rbnfrule>
                <rbnfrule value="82">बयासी;</rbnfrule>
                <rbnfrule value="83">त्रियासी;</rbnfrule>
                <rbnfrule value="84">चौरासी;</rbnfrule>
                <rbnfrule value="85">पचासी;</rbnfrule>
                <rbnfrule value="86">छयासी;</rbnfrule>
                <rbnfrule value="87">सतासी;</rbnfrule>
                <rbnfrule value="88">अठासी;</rbnfrule>
                <rbnfrule value="89">उनान्नब्बे;</rbnfrule>
                <rbnfrule value="90">नब्बे;</rbnfrule>
                <rbnfrule value="91">एकानब्बे;</rbnfrule>
                <rbnfrule value="92">बयानब्बे;</rbnfrule>
                <rbnfrule value="93">त्रियानब्बे;</rbnfrule>
                <rbnfrule value="94">चौरानब्बे;</rbnfrule>
                <rbnfrule value="95">पन्चानब्बे;</rbnfrule>
                <rbnfrule value="96">छयानब्बे;</rbnfrule>
                <rbnfrule value="97">सन्तानब्बे;</rbnfrule>
                <rbnfrule value="98">अन्ठानब्बे;</rbnfrule>
                <rbnfrule value="99">उनान्सय;</rbnfrule>
                <rbnfrule value="100">←← सय[ →→];</rbnfrule>
                <rbnfrule value="1000">←← हजार[ →→];</rbnfrule>
                <rbnfrule value="100000">←← लाख[ →→];</rbnfrule>
                <rbnfrule value="10000000">←← करोड[ →→];</rbnfrule>
                <rbnfrule value="1000000000">←← अरब[ →→];</rbnfrule>
                <rbnfrule value="100000000000">←← खरब[ →→];</rbnfrule>
                <rbnfrule value="10000000000000">←← शंख[ →→];</rbnfrule>
                <rbnfrule value="1000000000000000">=#,##,##0=;</rbnfrule>
            </ruleset>
            <ruleset type="spellout-cardinal">
                <rbnfrule value="0">=%spellout-numbering=;</rbnfrule>
            </ruleset>
            <ruleset type="consonant-suffix" access="private">
                <rbnfrule value="0">ौँ;</rbnfrule>
                <rbnfrule value="1">' =%spellout-numbering=ौँ;</rbnfrule>
                <rbnfrule value="2">' दुयौँ;</rbnfrule>
                <rbnfrule value="3">' =%spellout-numbering=ौँ;</rbnfrule>
                <rbnfrule value="5">' =%spellout-ordinal-masculine=;</rbnfrule>
            </ruleset>
            <ruleset type="spellout-ordinal-masculine">
                <rbnfrule value="-x">ऋणात्मक →→;</rbnfrule>
                <rbnfrule value="x.x">=#,##,##0.#=;</rbnfrule>
                <rbnfrule value="0">शुन्यौँ;</rbnfrule>
                <rbnfrule value="1">पहिलो;</rbnfrule>
                <rbnfrule value="2">दोस्रो;</rbnfrule>
                <rbnfrule value="3">तेस्रो;</rbnfrule>
                <rbnfrule value="4">चौथो;</rbnfrule>
                <rbnfrule value="5">पाँचौँ;</rbnfrule>
                <rbnfrule value="6">छैटौँ;</rbnfrule>
                <rbnfrule value="7">सातौँ;</rbnfrule>
                <rbnfrule value="8">आठौँ;</rbnfrule>
                <rbnfrule value="9">नवौँ;</rbnfrule>
                <rbnfrule value="10">दशौँ;</rbnfrule>
                <rbnfrule value="11">एघारौँ;</rbnfrule>
                <rbnfrule value="12">बाह्रौँ;</rbnfrule>
                <rbnfrule value="13">=%spellout-numbering=ौँ;</rbnfrule>
                <rbnfrule value="60">=%spellout-numbering=औँ;</rbnfrule>
                <rbnfrule value="71">=%spellout-numbering=ौँ;</rbnfrule>
                <rbnfrule value="80">=%spellout-numbering=औँ;</rbnfrule>
                <rbnfrule value="99">=%spellout-numbering=ौँ;</rbnfrule>
                <rbnfrule value="100">←%spellout-numbering← सय→%%consonant-suffix→;</rbnfrule>
                <rbnfrule value="1000">←%spellout-numbering← हजार→%%consonant-suffix→;</rbnfrule>
                <rbnfrule value="100000">←%spellout-numbering← लाख→%%consonant-suffix→;</rbnfrule>
                <rbnfrule value="10000000">←%spellout-numbering← करोड→%%consonant-suffix→;</rbnfrule>
                <rbnfrule value="1000000000">←%spellout-numbering← अरब→%%consonant-suffix→;</rbnfrule>
                <rbnfrule value="100000000000">←%spellout-numbering← खरब→%%consonant-suffix→;</rbnfrule>
                <rbnfrule value="10000000000000">←%spellout-numbering← शंख→%%consonant-suffix→;</rbnfrule>
                <rbnfrule value="1000000000000000">=#,##,##0=.;</rbnfrule>
            </ruleset>
            <ruleset type="spellout-ordinal-feminine">
                <rbnfrule value="-x">ऋणात्मक →→;</rbnfrule>
                <rbnfrule value="x.x">=#,##,##0.#=;</rbnfrule>
                <rbnfrule value="0">शुन्यौँ;</rbnfrule>
                <rbnfrule value="1">पहिली;</rbnfrule>
                <rbnfrule value="2">दोस्री;</rbnfrule>
                <rbnfrule value="3">तेस्री;</rbnfrule>
                <rbnfrule value="4">चौथी;</rbnfrule>
                <rbnfrule value="5">पाँचवी;</rbnfrule>
                <rbnfrule value="6">=%spellout-ordinal-masculine=;</rbnfrule>
            </ruleset>
        </rulesetGrouping>
    </rbnf>
</ldml>
