<?xml version="1.0" encoding="UTF-8" ?>
<!DOCTYPE ldml SYSTEM "../../common/dtd/ldml.dtd">
<!--
Copyright © 1991-2013 Unicode, Inc.
CLDR data files are interpreted according to the LDML specification (http://unicode.org/reports/tr35/)
For terms of use, see http://www.unicode.org/copyright.html
-->
<ldml>
    <identity>
        <version number="$Revision$"/>
        <language type="nn"/>
    </identity>
    <rbnf>
        <rulesetGrouping type="SpelloutRules">
            <ruleset type="spellout-numbering-year">
                <rbnfrule value="-x">minus →→;</rbnfrule>
                <rbnfrule value="x.x">=0.0=;</rbnfrule>
                <rbnfrule value="0">=%spellout-numbering=;</rbnfrule>
                <rbnfrule value="1100" radix="100">←← hundre[ og →→];</rbnfrule>
                <rbnfrule value="10000">=%spellout-numbering=;</rbnfrule>
            </ruleset>
            <ruleset type="spellout-numbering">
                <rbnfrule value="0">=%spellout-cardinal-reale=;</rbnfrule>
            </ruleset>
            <ruleset type="spellout-cardinal-neuter">
                <rbnfrule value="-x">minus →→;</rbnfrule>
                <rbnfrule value="x.x">←← komma →→;</rbnfrule>
                <rbnfrule value="0">null;</rbnfrule>
                <rbnfrule value="1">eitt;</rbnfrule>
                <rbnfrule value="2">=%spellout-cardinal-reale=;</rbnfrule>
            </ruleset>
            <ruleset type="spellout-cardinal-masculine">
                <rbnfrule value="0">=%spellout-cardinal-reale=;</rbnfrule>
            </ruleset>
            <ruleset type="spellout-cardinal-feminine">
                <rbnfrule value="0">=%spellout-cardinal-reale=;</rbnfrule>
            </ruleset>
            <ruleset type="spellout-cardinal-reale">
                <rbnfrule value="-x">minus →→;</rbnfrule>
                <rbnfrule value="x.x">←← komma →→;</rbnfrule>
                <rbnfrule value="0">null;</rbnfrule>
                <rbnfrule value="1">éin;</rbnfrule>
                <rbnfrule value="2">to;</rbnfrule>
                <rbnfrule value="3">tre;</rbnfrule>
                <rbnfrule value="4">fire;</rbnfrule>
                <rbnfrule value="5">fem;</rbnfrule>
                <rbnfrule value="6">seks;</rbnfrule>
                <rbnfrule value="7">sju;</rbnfrule>
                <rbnfrule value="8">åtte;</rbnfrule>
                <rbnfrule value="9">ni;</rbnfrule>
                <rbnfrule value="10">ti;</rbnfrule>
                <rbnfrule value="11">elleve;</rbnfrule>
                <rbnfrule value="12">tolv;</rbnfrule>
                <rbnfrule value="13">tretten;</rbnfrule>
                <rbnfrule value="14">fjorten;</rbnfrule>
                <rbnfrule value="15">femten;</rbnfrule>
                <rbnfrule value="16">seksten;</rbnfrule>
                <rbnfrule value="17">sytten;</rbnfrule>
                <rbnfrule value="18">atten;</rbnfrule>
                <rbnfrule value="19">nitten;</rbnfrule>
                <rbnfrule value="20">tjue[­→→];</rbnfrule>
                <rbnfrule value="30">tretti[­→→];</rbnfrule>
                <rbnfrule value="40">førti[­→→];</rbnfrule>
                <rbnfrule value="50">femti[­→→];</rbnfrule>
                <rbnfrule value="60">seksti[­→→];</rbnfrule>
                <rbnfrule value="70">sytti[­→→];</rbnfrule>
                <rbnfrule value="80">åtti[­→→];</rbnfrule>
                <rbnfrule value="90">nitti[­→→];</rbnfrule>
                <rbnfrule value="100">←%spellout-cardinal-neuter← hundre[ og →→];</rbnfrule>
                <rbnfrule value="1000">←%spellout-cardinal-neuter← tusen[ og →→];</rbnfrule>
                <rbnfrule value="1000000">éin million[ →→];</rbnfrule>
                <rbnfrule value="2000000">←← millionar[ →→];</rbnfrule>
                <rbnfrule value="1000000000">éin milliard[ →→];</rbnfrule>
                <rbnfrule value="2000000000">←← milliardar[ →→];</rbnfrule>
                <rbnfrule value="1000000000000">éin billion[ →→];</rbnfrule>
                <rbnfrule value="2000000000000">←← billionar[ →→];</rbnfrule>
                <rbnfrule value="1000000000000000">éin billiard[ →→];</rbnfrule>
                <rbnfrule value="2000000000000000">←← biliardar[ →→];</rbnfrule>
                <rbnfrule value="1000000000000000000">=#,##0=;</rbnfrule>
            </ruleset>
        </rulesetGrouping>
    </rbnf>
</ldml>
