<?xml version="1.0" encoding="UTF-8" ?>
<!DOCTYPE ldml SYSTEM "../../common/dtd/ldml.dtd">
<!--
Copyright © 1991-2013 Unicode, Inc.
CLDR data files are interpreted according to the LDML specification (http://unicode.org/reports/tr35/)
For terms of use, see http://www.unicode.org/copyright.html
-->
<ldml>
    <identity>
        <version number="$Revision$"/>
        <language type="no"/>
    </identity>
    <rbnf>
        <rulesetGrouping type="SpelloutRules">
            <ruleset type="spellout-numbering-year">
                <rbnfrule value="-x">minus →→;</rbnfrule>
                <rbnfrule value="x.x">=0.0=;</rbnfrule>
                <rbnfrule value="0">=%spellout-numbering=;</rbnfrule>
                <rbnfrule value="1100" radix="100">←←­hundre[ og →→];</rbnfrule>
                <rbnfrule value="10000">=%spellout-numbering=;</rbnfrule>
            </ruleset>
            <ruleset type="spellout-numbering">
                <rbnfrule value="0">=%%spellout-cardinal-reale=;</rbnfrule>
            </ruleset>
            <ruleset type="spellout-cardinal-masculine">
                <rbnfrule value="0">=%%spellout-cardinal-reale=;</rbnfrule>
            </ruleset>
            <ruleset type="spellout-cardinal-feminine">
                <rbnfrule value="-x">minus →→;</rbnfrule>
                <rbnfrule value="x.x">←← komma →→;</rbnfrule>
                <rbnfrule value="0">null;</rbnfrule>
                <rbnfrule value="1">ei;</rbnfrule>
                <rbnfrule value="2">=%%spellout-cardinal-reale=;</rbnfrule>
                <rbnfrule value="100">hundre[ og →→];</rbnfrule>
                <rbnfrule value="200">←%spellout-cardinal-neuter← hundre[ og →→];</rbnfrule>
                <rbnfrule value="1000">tusen[ →%%and-small-f→];</rbnfrule>
                <rbnfrule value="2000">←%spellout-cardinal-neuter← tusen[ →%%and-small-f→];</rbnfrule>
                <rbnfrule value="1000000">én million[ →→];</rbnfrule>
                <rbnfrule value="2000000">←%%spellout-cardinal-reale← millioner[ →→];</rbnfrule>
                <rbnfrule value="1000000000">én milliard[ →→];</rbnfrule>
                <rbnfrule value="2000000000">←%%spellout-cardinal-reale← milliarder[ →→];</rbnfrule>
                <rbnfrule value="1000000000000">én billion[ →→];</rbnfrule>
                <rbnfrule value="2000000000000">←%%spellout-cardinal-reale← billioner[ →→];</rbnfrule>
                <rbnfrule value="1000000000000000">én billiard[ →→];</rbnfrule>
                <rbnfrule value="2000000000000000">←%%spellout-cardinal-reale← billiarder[ →→];</rbnfrule>
                <rbnfrule value="1000000000000000000">=#,##0=;</rbnfrule>
            </ruleset>
            <ruleset type="and-small-f" access="private">
                <rbnfrule value="0">og =%spellout-cardinal-feminine=;</rbnfrule>
                <rbnfrule value="100">=%spellout-cardinal-feminine=;</rbnfrule>
            </ruleset>
            <ruleset type="spellout-cardinal-neuter">
                <rbnfrule value="-x">minus →→;</rbnfrule>
                <rbnfrule value="x.x">←← komma →→;</rbnfrule>
                <rbnfrule value="0">null;</rbnfrule>
                <rbnfrule value="1">ett;</rbnfrule>
                <rbnfrule value="2">=%%spellout-cardinal-reale=;</rbnfrule>
                <rbnfrule value="20">tjue[­→→];</rbnfrule>
                <rbnfrule value="30">tretti[­→→];</rbnfrule>
                <rbnfrule value="40">førti[­→→];</rbnfrule>
                <rbnfrule value="50">femti[­→→];</rbnfrule>
                <rbnfrule value="60">seksti[­→→];</rbnfrule>
                <rbnfrule value="70">sytti[­→→];</rbnfrule>
                <rbnfrule value="80">åtti[­→→];</rbnfrule>
                <rbnfrule value="90">nitti[­→→];</rbnfrule>
                <rbnfrule value="100">hundre[ og →→];</rbnfrule>
                <rbnfrule value="200">←%spellout-cardinal-neuter← hundre[ og →→];</rbnfrule>
                <rbnfrule value="1000">tusen[ →%%and-small-n→];</rbnfrule>
                <rbnfrule value="2000">←%spellout-cardinal-neuter← tusen[ →%%and-small-n→];</rbnfrule>
                <rbnfrule value="1000000">én million[ →→];</rbnfrule>
                <rbnfrule value="2000000">←%%spellout-cardinal-reale← millioner[ →→];</rbnfrule>
                <rbnfrule value="1000000000">én milliard[ →→];</rbnfrule>
                <rbnfrule value="2000000000">←%%spellout-cardinal-reale← milliarder[ →→];</rbnfrule>
                <rbnfrule value="1000000000000">én billion[ →→];</rbnfrule>
                <rbnfrule value="2000000000000">←%%spellout-cardinal-reale← billioner[ →→];</rbnfrule>
                <rbnfrule value="1000000000000000">én billiard[ →→];</rbnfrule>
                <rbnfrule value="2000000000000000">←%%spellout-cardinal-reale← billiarder[ →→];</rbnfrule>
                <rbnfrule value="1000000000000000000">=#,##0=;</rbnfrule>
            </ruleset>
            <ruleset type="and-small-n" access="private">
                <rbnfrule value="0">og =%spellout-cardinal-neuter=;</rbnfrule>
                <rbnfrule value="100">=%spellout-cardinal-neuter=;</rbnfrule>
            </ruleset>
            <ruleset type="spellout-cardinal-reale" access="private">
                <rbnfrule value="-x">minus →→;</rbnfrule>
                <rbnfrule value="x.x">←← komma →→;</rbnfrule>
                <rbnfrule value="0">null;</rbnfrule>
                <rbnfrule value="1">én;</rbnfrule>
                <rbnfrule value="2">to;</rbnfrule>
                <rbnfrule value="3">tre;</rbnfrule>
                <rbnfrule value="4">fire;</rbnfrule>
                <rbnfrule value="5">fem;</rbnfrule>
                <rbnfrule value="6">seks;</rbnfrule>
                <rbnfrule value="7">sju;</rbnfrule>
                <rbnfrule value="8">åtte;</rbnfrule>
                <rbnfrule value="9">ni;</rbnfrule>
                <rbnfrule value="10">ti;</rbnfrule>
                <rbnfrule value="11">elleve;</rbnfrule>
                <rbnfrule value="12">tolv;</rbnfrule>
                <rbnfrule value="13">tretten;</rbnfrule>
                <rbnfrule value="14">fjorten;</rbnfrule>
                <rbnfrule value="15">femten;</rbnfrule>
                <rbnfrule value="16">seksten;</rbnfrule>
                <rbnfrule value="17">sytten;</rbnfrule>
                <rbnfrule value="18">atten;</rbnfrule>
                <rbnfrule value="19">nitten;</rbnfrule>
                <rbnfrule value="20">tjue[­→→];</rbnfrule>
                <rbnfrule value="30">tretti[­→→];</rbnfrule>
                <rbnfrule value="40">førti[­→→];</rbnfrule>
                <rbnfrule value="50">femti[­→→];</rbnfrule>
                <rbnfrule value="60">seksti[­→→];</rbnfrule>
                <rbnfrule value="70">sytti[­→→];</rbnfrule>
                <rbnfrule value="80">åtti[­→→];</rbnfrule>
                <rbnfrule value="90">nitti[­→→];</rbnfrule>
                <rbnfrule value="100">hundre[ og →→];</rbnfrule>
                <rbnfrule value="200">←%spellout-cardinal-neuter← hundre[ og →→];</rbnfrule>
                <rbnfrule value="1000">tusen[ →%%and-small→];</rbnfrule>
                <rbnfrule value="2000">←%spellout-cardinal-neuter← tusen[ →%%and-small→];</rbnfrule>
                <rbnfrule value="1000000">én million[ →→];</rbnfrule>
                <rbnfrule value="2000000">←← millioner[ →→];</rbnfrule>
                <rbnfrule value="1000000000">én milliard[ →→];</rbnfrule>
                <rbnfrule value="2000000000">←← milliarder[ →→];</rbnfrule>
                <rbnfrule value="1000000000000">én billion[ →→];</rbnfrule>
                <rbnfrule value="2000000000000">←← billioner[ →→];</rbnfrule>
                <rbnfrule value="1000000000000000">én billiard[ →→];</rbnfrule>
                <rbnfrule value="2000000000000000">←← billiarder[ →→];</rbnfrule>
                <rbnfrule value="1000000000000000000">=#,##0=;</rbnfrule>
            </ruleset>
            <ruleset type="and-small" access="private">
                <rbnfrule value="0">og =%%spellout-cardinal-reale=;</rbnfrule>
                <rbnfrule value="100">=%%spellout-cardinal-reale=;</rbnfrule>
            </ruleset>
            <ruleset type="spellout-ordinal-masculine">
                <rbnfrule value="-x">minus →→;</rbnfrule>
                <rbnfrule value="x.x">=#,##0.#=;</rbnfrule>
                <rbnfrule value="0">nullte;</rbnfrule>
                <rbnfrule value="1">første;</rbnfrule>
                <rbnfrule value="2">andre;</rbnfrule>
                <rbnfrule value="3">tredje;</rbnfrule>
                <rbnfrule value="4">fjerde;</rbnfrule>
                <rbnfrule value="5">femte;</rbnfrule>
                <rbnfrule value="6">sjette;</rbnfrule>
                <rbnfrule value="7">sjuende;</rbnfrule>
                <rbnfrule value="8">åttende;</rbnfrule>
                <rbnfrule value="9">niende;</rbnfrule>
                <rbnfrule value="10">tiende;</rbnfrule>
                <rbnfrule value="11">ellevte;</rbnfrule>
                <rbnfrule value="12">tolvte;</rbnfrule>
                <rbnfrule value="13">=%spellout-cardinal-neuter=de;</rbnfrule>
                <rbnfrule value="20">tjue→%%ord-masc-nde→;</rbnfrule>
                <rbnfrule value="30">tretti→%%ord-masc-nde→;</rbnfrule>
                <rbnfrule value="40">førti→%%ord-masc-nde→;</rbnfrule>
                <rbnfrule value="50">femti→%%ord-masc-nde→;</rbnfrule>
                <rbnfrule value="60">seksti→%%ord-masc-nde→;</rbnfrule>
                <rbnfrule value="70">sytti→%%ord-masc-nde→;</rbnfrule>
                <rbnfrule value="80">åtti→%%ord-masc-nde→;</rbnfrule>
                <rbnfrule value="90">nitti→%%ord-masc-nde→;</rbnfrule>
                <rbnfrule value="100">←%spellout-numbering←­hundre→%%ord-masc-de→;</rbnfrule>
                <rbnfrule value="1000">←%spellout-numbering←­tusen→%%ord-masc-de→;</rbnfrule>
                <rbnfrule value="1000000">én million→%%ord-masc-te→;</rbnfrule>
                <rbnfrule value="2000000">←%%spellout-cardinal-reale← million→%%ord-masc-teer→;</rbnfrule>
                <rbnfrule value="1000000000">én milliard→%%ord-masc-te→;</rbnfrule>
                <rbnfrule value="2000000000">←%%spellout-cardinal-reale← milliard→%%ord-masc-teer→;</rbnfrule>
                <rbnfrule value="1000000000000">én billion→%%ord-masc-te→;</rbnfrule>
                <rbnfrule value="2000000000000">←%%spellout-cardinal-reale← billion→%%ord-masc-teer→;</rbnfrule>
                <rbnfrule value="1000000000000000">én billiard→%%ord-masc-te→;</rbnfrule>
                <rbnfrule value="2000000000000000">←%%spellout-cardinal-reale← billiard→%%ord-masc-teer→;</rbnfrule>
                <rbnfrule value="1000000000000000000">=#,##0=.;</rbnfrule>
            </ruleset>
            <ruleset type="ord-masc-nde" access="private">
                <rbnfrule value="0">ende;</rbnfrule>
                <rbnfrule value="1">­=%spellout-ordinal-masculine=;</rbnfrule>
            </ruleset>
            <ruleset type="ord-masc-de" access="private">
                <rbnfrule value="0">de;</rbnfrule>
                <rbnfrule value="1">' =%spellout-ordinal-masculine=;</rbnfrule>
            </ruleset>
            <ruleset type="ord-masc-te" access="private">
                <rbnfrule value="0">te;</rbnfrule>
                <rbnfrule value="1">' =%spellout-ordinal-masculine=;</rbnfrule>
            </ruleset>
            <ruleset type="ord-masc-teer" access="private">
                <rbnfrule value="0">te;</rbnfrule>
                <rbnfrule value="1">er =%spellout-ordinal-masculine=;</rbnfrule>
            </ruleset>
            <ruleset type="spellout-ordinal-neuter">
                <rbnfrule value="-x">minus →→;</rbnfrule>
                <rbnfrule value="x.x">=#,##0.#=;</rbnfrule>
                <rbnfrule value="0">nullte;</rbnfrule>
                <rbnfrule value="1">første;</rbnfrule>
                <rbnfrule value="2">andre;</rbnfrule>
                <rbnfrule value="3">tredje;</rbnfrule>
                <rbnfrule value="4">fjerde;</rbnfrule>
                <rbnfrule value="5">femte;</rbnfrule>
                <rbnfrule value="6">sjette;</rbnfrule>
                <rbnfrule value="7">sjuende;</rbnfrule>
                <rbnfrule value="8">åttende;</rbnfrule>
                <rbnfrule value="9">niende;</rbnfrule>
                <rbnfrule value="10">tiende;</rbnfrule>
                <rbnfrule value="11">ellevte;</rbnfrule>
                <rbnfrule value="12">tolvte;</rbnfrule>
                <rbnfrule value="13">=%spellout-cardinal-neuter=de;</rbnfrule>
                <rbnfrule value="20">tjue→%%ord-neut-nde→;</rbnfrule>
                <rbnfrule value="30">tretti→%%ord-neut-nde→;</rbnfrule>
                <rbnfrule value="40">førti→%%ord-neut-nde→;</rbnfrule>
                <rbnfrule value="50">femti→%%ord-neut-nde→;</rbnfrule>
                <rbnfrule value="60">seksti→%%ord-neut-nde→;</rbnfrule>
                <rbnfrule value="70">sytti→%%ord-neut-nde→;</rbnfrule>
                <rbnfrule value="80">åtti→%%ord-neut-nde→;</rbnfrule>
                <rbnfrule value="90">nitti→%%ord-neut-nde→;</rbnfrule>
                <rbnfrule value="100">←%spellout-numbering←­hundre→%%ord-neut-de→;</rbnfrule>
                <rbnfrule value="1000">←%spellout-numbering←­tusen→%%ord-neut-de→;</rbnfrule>
                <rbnfrule value="1000000">én million→%%ord-neut-te→;</rbnfrule>
                <rbnfrule value="2000000">←%%spellout-cardinal-reale← million→%%ord-neut-teer→;</rbnfrule>
                <rbnfrule value="1000000000">én milliard→%%ord-neut-te→;</rbnfrule>
                <rbnfrule value="2000000000">←%%spellout-cardinal-reale← milliard→%%ord-neut-teer→;</rbnfrule>
                <rbnfrule value="1000000000000">én billion→%%ord-neut-te→;</rbnfrule>
                <rbnfrule value="2000000000000">←%%spellout-cardinal-reale← billion→%%ord-neut-teer→;</rbnfrule>
                <rbnfrule value="1000000000000000">én billiard→%%ord-neut-te→;</rbnfrule>
                <rbnfrule value="2000000000000000">←%%spellout-cardinal-reale← billiard→%%ord-neut-teer→;</rbnfrule>
                <rbnfrule value="1000000000000000000">=#,##0=.;</rbnfrule>
            </ruleset>
            <ruleset type="ord-neut-nde" access="private">
                <rbnfrule value="0">ende;</rbnfrule>
                <rbnfrule value="1">­=%spellout-ordinal-neuter=;</rbnfrule>
            </ruleset>
            <ruleset type="ord-neut-de" access="private">
                <rbnfrule value="0">de;</rbnfrule>
                <rbnfrule value="1">' =%spellout-ordinal-neuter=;</rbnfrule>
            </ruleset>
            <ruleset type="ord-neut-te" access="private">
                <rbnfrule value="0">te;</rbnfrule>
                <rbnfrule value="1">' =%spellout-ordinal-neuter=;</rbnfrule>
            </ruleset>
            <ruleset type="ord-neut-teer" access="private">
                <rbnfrule value="0">te;</rbnfrule>
                <rbnfrule value="1">er =%spellout-ordinal-neuter=;</rbnfrule>
            </ruleset>
            <ruleset type="spellout-ordinal-feminine">
                <rbnfrule value="-x">minus →→;</rbnfrule>
                <rbnfrule value="x.x">=#,##0.#=;</rbnfrule>
                <rbnfrule value="0">nullte;</rbnfrule>
                <rbnfrule value="1">første;</rbnfrule>
                <rbnfrule value="2">andre;</rbnfrule>
                <rbnfrule value="3">tredje;</rbnfrule>
                <rbnfrule value="4">fjerde;</rbnfrule>
                <rbnfrule value="5">femte;</rbnfrule>
                <rbnfrule value="6">sjette;</rbnfrule>
                <rbnfrule value="7">sjuende;</rbnfrule>
                <rbnfrule value="8">åttende;</rbnfrule>
                <rbnfrule value="9">niende;</rbnfrule>
                <rbnfrule value="10">tiende;</rbnfrule>
                <rbnfrule value="11">ellevte;</rbnfrule>
                <rbnfrule value="12">tolvte;</rbnfrule>
                <rbnfrule value="13">=%spellout-cardinal-neuter=de;</rbnfrule>
                <rbnfrule value="20">tjue→%%ord-fem-nde→;</rbnfrule>
                <rbnfrule value="30">tretti→%%ord-fem-nde→;</rbnfrule>
                <rbnfrule value="40">førti→%%ord-fem-nde→;</rbnfrule>
                <rbnfrule value="50">femti→%%ord-fem-nde→;</rbnfrule>
                <rbnfrule value="60">seksti→%%ord-fem-nde→;</rbnfrule>
                <rbnfrule value="70">sytti→%%ord-fem-nde→;</rbnfrule>
                <rbnfrule value="80">åtti→%%ord-fem-nde→;</rbnfrule>
                <rbnfrule value="90">nitti→%%ord-fem-nde→;</rbnfrule>
                <rbnfrule value="100">←%spellout-numbering←­hundre→%%ord-fem-de→;</rbnfrule>
                <rbnfrule value="1000">←%spellout-numbering←­tusen→%%ord-fem-de→;</rbnfrule>
                <rbnfrule value="1000000">én million→%%ord-fem-te→;</rbnfrule>
                <rbnfrule value="2000000">←%%spellout-cardinal-reale← million→%%ord-fem-teer→;</rbnfrule>
                <rbnfrule value="1000000000">én milliard→%%ord-fem-te→;</rbnfrule>
                <rbnfrule value="2000000000">←%%spellout-cardinal-reale← milliard→%%ord-fem-teer→;</rbnfrule>
                <rbnfrule value="1000000000000">én billion→%%ord-fem-te→;</rbnfrule>
                <rbnfrule value="2000000000000">←%%spellout-cardinal-reale← billion→%%ord-fem-teer→;</rbnfrule>
                <rbnfrule value="1000000000000000">én billiard→%%ord-fem-te→;</rbnfrule>
                <rbnfrule value="2000000000000000">←%%spellout-cardinal-reale← billiard→%%ord-fem-teer→;</rbnfrule>
                <rbnfrule value="1000000000000000000">=#,##0=.;</rbnfrule>
            </ruleset>
            <ruleset type="ord-fem-nde" access="private">
                <rbnfrule value="0">ende;</rbnfrule>
                <rbnfrule value="1">­=%spellout-ordinal-feminine=;</rbnfrule>
            </ruleset>
            <ruleset type="ord-fem-de" access="private">
                <rbnfrule value="0">de;</rbnfrule>
                <rbnfrule value="1">' =%spellout-ordinal-feminine=;</rbnfrule>
            </ruleset>
            <ruleset type="ord-fem-te" access="private">
                <rbnfrule value="0">te;</rbnfrule>
                <rbnfrule value="1">' =%spellout-ordinal-feminine=;</rbnfrule>
            </ruleset>
            <ruleset type="ord-fem-teer" access="private">
                <rbnfrule value="0">te;</rbnfrule>
                <rbnfrule value="1">er =%spellout-ordinal-feminine=;</rbnfrule>
            </ruleset>
            <ruleset type="spellout-ordinal-plural">
                <rbnfrule value="-x">minus →→;</rbnfrule>
                <rbnfrule value="x.x">=#,##0.#=;</rbnfrule>
                <rbnfrule value="0">nullte;</rbnfrule>
                <rbnfrule value="1">første;</rbnfrule>
                <rbnfrule value="2">andre;</rbnfrule>
                <rbnfrule value="3">tredje;</rbnfrule>
                <rbnfrule value="4">fjerde;</rbnfrule>
                <rbnfrule value="5">femte;</rbnfrule>
                <rbnfrule value="6">sjette;</rbnfrule>
                <rbnfrule value="7">sjuende;</rbnfrule>
                <rbnfrule value="8">åttende;</rbnfrule>
                <rbnfrule value="9">niende;</rbnfrule>
                <rbnfrule value="10">tiende;</rbnfrule>
                <rbnfrule value="11">ellevte;</rbnfrule>
                <rbnfrule value="12">tolvte;</rbnfrule>
                <rbnfrule value="13">=%spellout-cardinal-neuter=de;</rbnfrule>
                <rbnfrule value="20">tjue→%%ord-plural-nde→;</rbnfrule>
                <rbnfrule value="30">tretti→%%ord-plural-nde→;</rbnfrule>
                <rbnfrule value="40">førti→%%ord-plural-nde→;</rbnfrule>
                <rbnfrule value="50">femti→%%ord-plural-nde→;</rbnfrule>
                <rbnfrule value="60">seksti→%%ord-plural-nde→;</rbnfrule>
                <rbnfrule value="70">sytti→%%ord-plural-nde→;</rbnfrule>
                <rbnfrule value="80">åtti→%%ord-plural-nde→;</rbnfrule>
                <rbnfrule value="90">nitti→%%ord-plural-nde→;</rbnfrule>
                <rbnfrule value="100">←%spellout-numbering←­hundre→%%ord-plural-de→;</rbnfrule>
                <rbnfrule value="1000">←%spellout-numbering←­tusen→%%ord-plural-de→;</rbnfrule>
                <rbnfrule value="1000000">én million→%%ord-plural-te→;</rbnfrule>
                <rbnfrule value="2000000">←%%spellout-cardinal-reale← million→%%ord-plural-teer→;</rbnfrule>
                <rbnfrule value="1000000000">én milliard→%%ord-plural-te→;</rbnfrule>
                <rbnfrule value="2000000000">←%%spellout-cardinal-reale← milliard→%%ord-plural-teer→;</rbnfrule>
                <rbnfrule value="1000000000000">én billion→%%ord-plural-te→;</rbnfrule>
                <rbnfrule value="2000000000000">←%%spellout-cardinal-reale← billion→%%ord-plural-teer→;</rbnfrule>
                <rbnfrule value="1000000000000000">én billiard→%%ord-plural-te→;</rbnfrule>
                <rbnfrule value="2000000000000000">←%%spellout-cardinal-reale← billiard→%%ord-plural-teer→;</rbnfrule>
                <rbnfrule value="1000000000000000000">=#,##0=.;</rbnfrule>
            </ruleset>
            <ruleset type="ord-plural-nde" access="private">
                <rbnfrule value="0">ende;</rbnfrule>
                <rbnfrule value="1">­=%spellout-ordinal-plural=;</rbnfrule>
            </ruleset>
            <ruleset type="ord-plural-de" access="private">
                <rbnfrule value="0">de;</rbnfrule>
                <rbnfrule value="1">' =%spellout-ordinal-plural=;</rbnfrule>
            </ruleset>
            <ruleset type="ord-plural-te" access="private">
                <rbnfrule value="0">te;</rbnfrule>
                <rbnfrule value="1">' =%spellout-ordinal-plural=;</rbnfrule>
            </ruleset>
            <ruleset type="ord-plural-teer" access="private">
                <rbnfrule value="0">te;</rbnfrule>
                <rbnfrule value="1">er =%spellout-ordinal-plural=;</rbnfrule>
            </ruleset>
        </rulesetGrouping>
    </rbnf>
</ldml>
