<?xml version="1.0" encoding="UTF-8" ?>
<!DOCTYPE ldml SYSTEM "../../common/dtd/ldml.dtd">
<!--
Copyright © 1991-2015 Unicode, Inc.
CLDR data files are interpreted according to the LDML specification (http://unicode.org/reports/tr35/)
For terms of use, see http://www.unicode.org/copyright.html
-->
<ldml>
    <identity>
        <version number="$Revision$"/>
        <language type="pl"/>
    </identity>
    <rbnf>
        <rulesetGrouping type="SpelloutRules">
            <ruleset type="spellout-numbering-year">
                <rbnfrule value="x.x">=0.0=;</rbnfrule>
                <rbnfrule value="0">=%spellout-numbering=;</rbnfrule>
            </ruleset>
            <ruleset type="spellout-numbering">
                <rbnfrule value="0">=%spellout-cardinal-masculine=;</rbnfrule>
            </ruleset>
            <ruleset type="spellout-cardinal-masculine">
                <rbnfrule value="-x">minus →→;</rbnfrule>
                <rbnfrule value="x.x">←%spellout-cardinal-masculine← przecinek →%%spellout-fraction→;</rbnfrule>
                <rbnfrule value="0">zero;</rbnfrule>
                <rbnfrule value="1">jeden;</rbnfrule>
                <rbnfrule value="2">dwa;</rbnfrule>
                <rbnfrule value="3">trzy;</rbnfrule>
                <rbnfrule value="4">cztery;</rbnfrule>
                <rbnfrule value="5">pięć;</rbnfrule>
                <rbnfrule value="6">sześć;</rbnfrule>
                <rbnfrule value="7">siedem;</rbnfrule>
                <rbnfrule value="8">osiem;</rbnfrule>
                <rbnfrule value="9">dziewięć;</rbnfrule>
                <rbnfrule value="10">dziesięć;</rbnfrule>
                <rbnfrule value="11">jedenaście;</rbnfrule>
                <rbnfrule value="12">dwanaście;</rbnfrule>
                <rbnfrule value="13">trzynaście;</rbnfrule>
                <rbnfrule value="14">czternaście;</rbnfrule>
                <rbnfrule value="15">piętnaście;</rbnfrule>
                <rbnfrule value="16">szesnaście;</rbnfrule>
                <rbnfrule value="17">siedemnaście;</rbnfrule>
                <rbnfrule value="18">osiemnaście;</rbnfrule>
                <rbnfrule value="19">dziewiętnaście;</rbnfrule>
                <rbnfrule value="20">←%%spellout-cardinal-tens←[ →→];</rbnfrule>
                <rbnfrule value="100">sto[ →→];</rbnfrule>
                <rbnfrule value="200">dwieście[ →→];</rbnfrule>
                <rbnfrule value="300">←%spellout-cardinal-feminine←sta[ →→];</rbnfrule>
                <rbnfrule value="500">←%spellout-cardinal-feminine←set[ →→];</rbnfrule>
                <rbnfrule value="1000">tysiąc[ →→];</rbnfrule>
                <rbnfrule value="2000">←← $(cardinal,few{tysiące}other{tysięcy})$[ →→];</rbnfrule>
                <rbnfrule value="1000000">milion[ →→];</rbnfrule>
                <rbnfrule value="2000000">←← $(cardinal,few{miliony}other{milionów})$[ →→];</rbnfrule>
                <rbnfrule value="1000000000">miliard[ →→];</rbnfrule>
                <rbnfrule value="2000000000">←← $(cardinal,few{miliardy}other{miliardów})$[ →→];</rbnfrule>
                <rbnfrule value="1000000000000">bilion[ →→];</rbnfrule>
                <rbnfrule value="2000000000000">←← $(cardinal,few{biliony}other{bilionów})$[ →→];</rbnfrule>
                <rbnfrule value="1000000000000000">biliard[ →→];</rbnfrule>
                <rbnfrule value="2000000000000000">←← $(cardinal,few{biliardy}other{biliardów})$[ →→];</rbnfrule>
                <rbnfrule value="1000000000000000000">=#,##0=;</rbnfrule>
            </ruleset>
            <ruleset type="spellout-cardinal-masculine-personal">
                <rbnfrule value="-x">minus →→;</rbnfrule>
                <rbnfrule value="x.x">←%spellout-cardinal-masculine-personal← przecinek →→;</rbnfrule>
                <rbnfrule value="0">zero;</rbnfrule>
                <rbnfrule value="1">jeden;</rbnfrule>
                <rbnfrule value="2">dwaj;</rbnfrule>
                <rbnfrule value="3">trzej;</rbnfrule>
                <rbnfrule value="4">czterej;</rbnfrule>
                <rbnfrule value="5">=%spellout-cardinal-masculine-genitive=;</rbnfrule>
                <rbnfrule value="1000">tysiąc[ →%%spellout-cardinal-masculine-genitive-ones→];</rbnfrule>
                <rbnfrule value="2000">←%spellout-cardinal-masculine← $(cardinal,few{tysiące}other{tysięcy})$[ →%%spellout-cardinal-masculine-genitive-ones→];</rbnfrule>
                <rbnfrule value="1000000">milion[ →→];</rbnfrule>
                <rbnfrule value="2000000">←%spellout-cardinal-masculine← $(cardinal,few{miliony}other{milionów})$[ →→];</rbnfrule>
                <rbnfrule value="1000000000">miliard[ →%%spellout-cardinal-masculine-genitive-ones→];</rbnfrule>
                <rbnfrule value="2000000000">←%spellout-cardinal-masculine← $(cardinal,few{miliardy}other{miliardów})$[ →→];</rbnfrule>
                <rbnfrule value="1000000000000">bilion[ →%%spellout-cardinal-masculine-genitive-ones→];</rbnfrule>
                <rbnfrule value="2000000000000">←%spellout-cardinal-masculine← $(cardinal,few{biliony}other{bilionów})$[ →→];</rbnfrule>
                <rbnfrule value="1000000000000000">biliard[ →%%spellout-cardinal-masculine-genitive-ones→];</rbnfrule>
                <rbnfrule value="2000000000000000">←%spellout-cardinal-masculine← $(cardinal,few{biliardy}other{biliardów})$[ →→];</rbnfrule>
                <rbnfrule value="1000000000000000000">=#,##0=;</rbnfrule>
            </ruleset>
            <ruleset type="spellout-cardinal-feminine">
                <rbnfrule value="-x">minus →→;</rbnfrule>
                <rbnfrule value="x.x">←%spellout-cardinal-feminine← przecinek →%%spellout-fraction→;</rbnfrule>
                <rbnfrule value="0">zero;</rbnfrule>
                <rbnfrule value="1">jedna;</rbnfrule>
                <rbnfrule value="2">dwie;</rbnfrule>
                <rbnfrule value="3">trzy;</rbnfrule>
                <rbnfrule value="4">cztery;</rbnfrule>
                <rbnfrule value="5">pięć;</rbnfrule>
                <rbnfrule value="6">sześć;</rbnfrule>
                <rbnfrule value="7">siedem;</rbnfrule>
                <rbnfrule value="8">osiem;</rbnfrule>
                <rbnfrule value="9">dziewięć;</rbnfrule>
                <rbnfrule value="10">dziesięć;</rbnfrule>
                <rbnfrule value="11">jedenaście;</rbnfrule>
                <rbnfrule value="12">dwanaście;</rbnfrule>
                <rbnfrule value="13">trzynaście;</rbnfrule>
                <rbnfrule value="14">czternaście;</rbnfrule>
                <rbnfrule value="15">piętnaście;</rbnfrule>
                <rbnfrule value="16">szesnaście;</rbnfrule>
                <rbnfrule value="17">siedemnaście;</rbnfrule>
                <rbnfrule value="18">osiemnaście;</rbnfrule>
                <rbnfrule value="19">dziewiętnaście;</rbnfrule>
                <rbnfrule value="20">←%%spellout-cardinal-tens←[ →%%spellout-cardinal-feminine-ones→];</rbnfrule>
                <rbnfrule value="100">sto[ →%%spellout-cardinal-feminine-ones→];</rbnfrule>
                <rbnfrule value="200">dwieście[ →%%spellout-cardinal-feminine-ones→];</rbnfrule>
                <rbnfrule value="300">←%spellout-cardinal-feminine←sta[ →%%spellout-cardinal-feminine-ones→];</rbnfrule>
                <rbnfrule value="500">←%spellout-cardinal-feminine←set[ →%%spellout-cardinal-feminine-ones→];</rbnfrule>
                <rbnfrule value="1000">tysiąc[ →%%spellout-cardinal-feminine-ones→];</rbnfrule>
                <rbnfrule value="2000">←%spellout-cardinal-masculine← $(cardinal,few{tysiące}other{tysięcy})$[ →%%spellout-cardinal-feminine-ones→];</rbnfrule>
                <rbnfrule value="1000000">milion[ →%%spellout-cardinal-feminine-ones→];</rbnfrule>
                <rbnfrule value="2000000">←%spellout-cardinal-masculine← $(cardinal,few{miliony}other{milionów})$[ →%%spellout-cardinal-feminine-ones→];</rbnfrule>
                <rbnfrule value="1000000000">miliard[ →→];</rbnfrule>
                <rbnfrule value="2000000000">←%spellout-cardinal-masculine← $(cardinal,few{miliardy}other{miliardów})$[ →%%spellout-cardinal-feminine-ones→];</rbnfrule>
                <rbnfrule value="1000000000000">bilion[ →→];</rbnfrule>
                <rbnfrule value="2000000000000">←%spellout-cardinal-masculine← $(cardinal,few{biliony}other{bilionów})$[ →%%spellout-cardinal-feminine-ones→];</rbnfrule>
                <rbnfrule value="1000000000000000">biliard[ →%%spellout-cardinal-masculine-genitive-ones→];</rbnfrule>
                <rbnfrule value="2000000000000000">←%spellout-cardinal-masculine← $(cardinal,few{biliardy}other{biliardów})$[ →%%spellout-cardinal-feminine-ones→];</rbnfrule>
                <rbnfrule value="1000000000000000000">=#,##0=;</rbnfrule>
            </ruleset>
            <ruleset type="spellout-cardinal-neuter">
                <rbnfrule value="-x">minus →→;</rbnfrule>
                <rbnfrule value="x.x">←%spellout-cardinal-neuter← przecinek →%%spellout-fraction→;</rbnfrule>
                <rbnfrule value="0">zero;</rbnfrule>
                <rbnfrule value="1">jedno;</rbnfrule>
                <rbnfrule value="2">=%spellout-cardinal-masculine=;</rbnfrule>
            </ruleset>
            <ruleset type="spellout-cardinal-masculine-genitive">
                <rbnfrule value="-x">minus →→;</rbnfrule>
                <rbnfrule value="x.x">←%spellout-cardinal-masculine-genitive← przecinek →→;</rbnfrule>
                <rbnfrule value="0">zera;</rbnfrule>
                <rbnfrule value="1">jednego;</rbnfrule>
                <rbnfrule value="2">dwóch;</rbnfrule>
                <rbnfrule value="3">trzech;</rbnfrule>
                <rbnfrule value="4">czterech;</rbnfrule>
                <rbnfrule value="5">pięciu;</rbnfrule>
                <rbnfrule value="6">sześciu;</rbnfrule>
                <rbnfrule value="7">siedmiu;</rbnfrule>
                <rbnfrule value="8">ośmiu;</rbnfrule>
                <rbnfrule value="9">dziewięciu;</rbnfrule>
                <rbnfrule value="10">dziesięciu;</rbnfrule>
                <rbnfrule value="11">jedenastu;</rbnfrule>
                <rbnfrule value="12">dwunastu;</rbnfrule>
                <rbnfrule value="13">trzynastu;</rbnfrule>
                <rbnfrule value="14">czternastu;</rbnfrule>
                <rbnfrule value="15">piętnastu;</rbnfrule>
                <rbnfrule value="16">szesnastu;</rbnfrule>
                <rbnfrule value="17">siedemnastu;</rbnfrule>
                <rbnfrule value="18">osiemnastu;</rbnfrule>
                <rbnfrule value="19">dziewiętnastu;</rbnfrule>
                <rbnfrule value="20">←%%spellout-cardinal-genitive-tens←[ →%%spellout-cardinal-masculine-genitive-ones→];</rbnfrule>
                <rbnfrule value="100">stu[ →%%spellout-cardinal-masculine-genitive-ones→];</rbnfrule>
                <rbnfrule value="200">dwustu[ →%%spellout-cardinal-masculine-genitive-ones→];</rbnfrule>
                <rbnfrule value="300">←%spellout-cardinal-feminine←stu[ →%%spellout-cardinal-masculine-genitive-ones→];</rbnfrule>
                <rbnfrule value="500">←%spellout-cardinal-feminine-genitive←set[ →%%spellout-cardinal-masculine-genitive-ones→];</rbnfrule>
                <rbnfrule value="1000">tysiąca[ →%%spellout-cardinal-masculine-genitive-ones→];</rbnfrule>
                <rbnfrule value="2000">←← tysięcy[ →%%spellout-cardinal-masculine-genitive-ones→];</rbnfrule>
                <rbnfrule value="1000000">miliona[ →%%spellout-cardinal-masculine-genitive-ones→];</rbnfrule>
                <rbnfrule value="2000000">←← milionów[ →%%spellout-cardinal-masculine-genitive-ones→];</rbnfrule>
                <rbnfrule value="1000000000">miliarda[ →%%spellout-cardinal-masculine-genitive-ones→];</rbnfrule>
                <rbnfrule value="2000000000">←← miliardów[ →%%spellout-cardinal-masculine-genitive-ones→];</rbnfrule>
                <rbnfrule value="1000000000000">biliona[ →%%spellout-cardinal-masculine-genitive-ones→];</rbnfrule>
                <rbnfrule value="2000000000000">←← bilionów[ →%%spellout-cardinal-masculine-genitive-ones→];</rbnfrule>
                <rbnfrule value="1000000000000000">biliarda[ →%%spellout-cardinal-masculine-genitive-ones→];</rbnfrule>
                <rbnfrule value="2000000000000000">←← biliardów[ →%%spellout-cardinal-masculine-genitive-ones→];</rbnfrule>
                <rbnfrule value="1000000000000000000">=#,##0=;</rbnfrule>
            </ruleset>
            <ruleset type="spellout-cardinal-feminine-genitive">
                <rbnfrule value="-x">minus →→;</rbnfrule>
                <rbnfrule value="x.x">←%spellout-cardinal-feminine-genitive← przecinek →→;</rbnfrule>
                <rbnfrule value="0">zera;</rbnfrule>
                <rbnfrule value="1">jednej;</rbnfrule>
                <rbnfrule value="2">=%spellout-cardinal-masculine-genitive=;</rbnfrule>
            </ruleset>
            <ruleset type="spellout-cardinal-neuter-genitive">
                <rbnfrule value="0">=%spellout-cardinal-masculine-genitive=;</rbnfrule>
            </ruleset>
            <ruleset type="spellout-cardinal-masculine-dative">
                <rbnfrule value="-x">minus →→;</rbnfrule>
                <rbnfrule value="x.x">←%spellout-cardinal-masculine-dative← przecinek →→;</rbnfrule>
                <rbnfrule value="0">zeru;</rbnfrule>
                <rbnfrule value="1">jednemu;</rbnfrule>
                <rbnfrule value="2">dwóm;</rbnfrule>
                <rbnfrule value="3">trzem;</rbnfrule>
                <rbnfrule value="4">czterem;</rbnfrule>
                <rbnfrule value="5">pięciu;</rbnfrule>
                <rbnfrule value="6">sześciu;</rbnfrule>
                <rbnfrule value="7">siedmiu;</rbnfrule>
                <rbnfrule value="8">ośmiu;</rbnfrule>
                <rbnfrule value="9">dziewięciu;</rbnfrule>
                <rbnfrule value="10">dziesięciu;</rbnfrule>
                <rbnfrule value="11">jedenastu;</rbnfrule>
                <rbnfrule value="12">dwunastu;</rbnfrule>
                <rbnfrule value="13">trzynastu;</rbnfrule>
                <rbnfrule value="14">czternastu;</rbnfrule>
                <rbnfrule value="15">piętnastu;</rbnfrule>
                <rbnfrule value="16">szesnastu;</rbnfrule>
                <rbnfrule value="17">siedemnastu;</rbnfrule>
                <rbnfrule value="18">osiemnastu;</rbnfrule>
                <rbnfrule value="19">dziewiętnastu;</rbnfrule>
                <rbnfrule value="20">←%%spellout-cardinal-genitive-tens←[ →%%spellout-cardinal-masculine-dative-ones→];</rbnfrule>
                <rbnfrule value="100">stu[ →%%spellout-cardinal-masculine-dative-ones→];</rbnfrule>
                <rbnfrule value="200">dwustu[ →%%spellout-cardinal-masculine-dative-ones→];</rbnfrule>
                <rbnfrule value="300">←%spellout-cardinal-feminine←stu[ →%%spellout-cardinal-masculine-dative-ones→];</rbnfrule>
                <rbnfrule value="500">←%spellout-cardinal-feminine-genitive←set[ →%%spellout-cardinal-masculine-dative-ones→];</rbnfrule>
                <rbnfrule value="1000">tysiącowi[ →%%spellout-cardinal-masculine-dative-ones→];</rbnfrule>
                <rbnfrule value="2000">←← tysiącom[ →%%spellout-cardinal-masculine-dative-ones→];</rbnfrule>
                <rbnfrule value="1000000">milionowi[ →%%spellout-cardinal-masculine-dative-ones→];</rbnfrule>
                <rbnfrule value="2000000">←← milionom[ →%%spellout-cardinal-masculine-dative-ones→];</rbnfrule>
                <rbnfrule value="1000000000">miliardowi[ →%%spellout-cardinal-masculine-dative-ones→];</rbnfrule>
                <rbnfrule value="2000000000">←← miliardom[ →%%spellout-cardinal-masculine-dative-ones→];</rbnfrule>
                <rbnfrule value="1000000000000">bilionowi[ →%%spellout-cardinal-masculine-dative-ones→];</rbnfrule>
                <rbnfrule value="2000000000000">←← bilionom[ →%%spellout-cardinal-masculine-dative-ones→];</rbnfrule>
                <rbnfrule value="1000000000000000">biliardowi[ →%%spellout-cardinal-masculine-dative-ones→];</rbnfrule>
                <rbnfrule value="2000000000000000">←← biliardom[ →%%spellout-cardinal-masculine-dative-ones→];</rbnfrule>
                <rbnfrule value="1000000000000000000">=#,##0=;</rbnfrule>
            </ruleset>
            <ruleset type="spellout-cardinal-feminine-dative">
                <rbnfrule value="-x">minus →→;</rbnfrule>
                <rbnfrule value="x.x">←%spellout-cardinal-feminine-dative← przecinek →→;</rbnfrule>
                <rbnfrule value="0">zeru;</rbnfrule>
                <rbnfrule value="1">jednej;</rbnfrule>
                <rbnfrule value="2">=%spellout-cardinal-masculine-dative=;</rbnfrule>
            </ruleset>
            <ruleset type="spellout-cardinal-neuter-dative">
                <rbnfrule value="0">=%spellout-cardinal-masculine-dative=;</rbnfrule>
            </ruleset>
            <ruleset type="spellout-cardinal-masculine-accusative">
                <rbnfrule value="0">=%spellout-cardinal-masculine=;</rbnfrule>
            </ruleset>
            <ruleset type="spellout-cardinal-masculine-accusative-animate">
                <rbnfrule value="-x">minus →%spellout-cardinal-masculine-accusative-animate→;</rbnfrule>
                <rbnfrule value="x.x">←%spellout-cardinal-masculine-accusative-animate← przecinek →→;</rbnfrule>
                <rbnfrule value="0">zero;</rbnfrule>
                <rbnfrule value="1">jednego;</rbnfrule>
                <rbnfrule value="2">=%spellout-cardinal-masculine=;</rbnfrule>
            </ruleset>
            <ruleset type="spellout-cardinal-masculine-accusative-personal">
                <rbnfrule value="-x">minus →→;</rbnfrule>
                <rbnfrule value="x.x">←%spellout-cardinal-masculine-accusative-personal← przecinek →→;</rbnfrule>
                <rbnfrule value="0">=%spellout-cardinal-masculine-genitive=;</rbnfrule>
                <rbnfrule value="1000">tysiąc[ →%%spellout-cardinal-masculine-genitive-ones→];</rbnfrule>
                <rbnfrule value="2000">←%spellout-cardinal-masculine← $(cardinal,few{tysiące}other{tysięcy})$[ →%%spellout-cardinal-masculine-genitive-ones→];</rbnfrule>
                <rbnfrule value="1000000">milion[ →→];</rbnfrule>
                <rbnfrule value="2000000">←%spellout-cardinal-masculine← $(cardinal,few{miliony}other{milionów})$[ →→];</rbnfrule>
                <rbnfrule value="1000000000">miliard[ →→];</rbnfrule>
                <rbnfrule value="2000000000">←%spellout-cardinal-masculine← $(cardinal,few{miliardy}other{miliardów})$[ →→];</rbnfrule>
                <rbnfrule value="1000000000000">bilion[ →→];</rbnfrule>
                <rbnfrule value="2000000000000">←%spellout-cardinal-masculine← $(cardinal,few{biliony}other{bilionów})$[ →→];</rbnfrule>
                <rbnfrule value="1000000000000000">biliard[ →→];</rbnfrule>
                <rbnfrule value="2000000000000000">←%spellout-cardinal-masculine← $(cardinal,few{biliardy}other{biliardów})$[ →→];</rbnfrule>
                <rbnfrule value="1000000000000000000">=#,##0=;</rbnfrule>
            </ruleset>
            <ruleset type="spellout-cardinal-feminine-accusative">
                <rbnfrule value="-x">minus →→;</rbnfrule>
                <rbnfrule value="x.x">←%spellout-cardinal-feminine-accusative← przecinek →→;</rbnfrule>
                <rbnfrule value="0">zero;</rbnfrule>
                <rbnfrule value="1">jedną;</rbnfrule>
                <rbnfrule value="2">=%spellout-cardinal-feminine=;</rbnfrule>
            </ruleset>
            <ruleset type="spellout-cardinal-neuter-accusative">
                <rbnfrule value="-x">minus →→;</rbnfrule>
                <rbnfrule value="x.x">←%spellout-cardinal-neuter-accusative← przecinek →→;</rbnfrule>
                <rbnfrule value="0">zero;</rbnfrule>
                <rbnfrule value="1">jedno;</rbnfrule>
                <rbnfrule value="2">=%spellout-cardinal-masculine=;</rbnfrule>
            </ruleset>
            <ruleset type="spellout-cardinal-masculine-instrumental">
                <rbnfrule value="-x">minus →→;</rbnfrule>
                <rbnfrule value="x.x">←%spellout-cardinal-masculine-instrumental← przecinek →→;</rbnfrule>
                <rbnfrule value="0">zerem;</rbnfrule>
                <rbnfrule value="1">jednym;</rbnfrule>
                <rbnfrule value="2">dwoma;</rbnfrule>
                <rbnfrule value="3">trzema;</rbnfrule>
                <rbnfrule value="4">czterema;</rbnfrule>
                <rbnfrule value="5">pięcioma;</rbnfrule>
                <rbnfrule value="6">sześcioma;</rbnfrule>
                <rbnfrule value="7">siedmioma;</rbnfrule>
                <rbnfrule value="8">ośmioma;</rbnfrule>
                <rbnfrule value="9">dziewięcioma;</rbnfrule>
                <rbnfrule value="10">dziesięcioma;</rbnfrule>
                <rbnfrule value="11">jedenastoma;</rbnfrule>
                <rbnfrule value="12">dwunastoma;</rbnfrule>
                <rbnfrule value="13">trzynastoma;</rbnfrule>
                <rbnfrule value="14">czternastoma;</rbnfrule>
                <rbnfrule value="15">piętnastoma;</rbnfrule>
                <rbnfrule value="16">szesnastoma;</rbnfrule>
                <rbnfrule value="17">siedemnastoma;</rbnfrule>
                <rbnfrule value="18">osiemnastoma;</rbnfrule>
                <rbnfrule value="19">dziewiętnastoma;</rbnfrule>
                <rbnfrule value="20">dwudziestoma[ →%%spellout-cardinal-masculine-instrumental-ones→];</rbnfrule>
                <rbnfrule value="30">trzydziestoma[ →%%spellout-cardinal-masculine-instrumental-ones→];</rbnfrule>
                <rbnfrule value="40">czterdziestoma[ →%%spellout-cardinal-masculine-instrumental-ones→];</rbnfrule>
                <rbnfrule value="50">pięćdziesięcioma[ →%%spellout-cardinal-masculine-instrumental-ones→];</rbnfrule>
                <rbnfrule value="60">sześćdziesięcioma[ →%%spellout-cardinal-masculine-instrumental-ones→];</rbnfrule>
                <rbnfrule value="70">siedemdziesięcioma[ →%%spellout-cardinal-masculine-instrumental-ones→];</rbnfrule>
                <rbnfrule value="80">osiemdziesięcioma[ →%%spellout-cardinal-masculine-instrumental-ones→];</rbnfrule>
                <rbnfrule value="90">dziewięćdziesięcioma[ →%%spellout-cardinal-masculine-instrumental-ones→];</rbnfrule>
                <rbnfrule value="100">stu[ →%%spellout-cardinal-masculine-instrumental-ones→];</rbnfrule>
                <rbnfrule value="200">dwustu[ →%%spellout-cardinal-masculine-instrumental-ones→];</rbnfrule>
                <rbnfrule value="300">←%spellout-cardinal-feminine←stu[ →%%spellout-cardinal-masculine-instrumental-ones→];</rbnfrule>
                <rbnfrule value="500">←%spellout-cardinal-feminine-genitive←set[ →%%spellout-cardinal-masculine-instrumental-ones→];</rbnfrule>
                <rbnfrule value="1000">tysiącem[ →%%spellout-cardinal-masculine-instrumental-ones→];</rbnfrule>
                <rbnfrule value="2000">←← tysiącami[ →%%spellout-cardinal-masculine-instrumental-ones→];</rbnfrule>
                <rbnfrule value="1000000">milionem[ →%%spellout-cardinal-masculine-instrumental-ones→];</rbnfrule>
                <rbnfrule value="2000000">←← milionami[ →%%spellout-cardinal-masculine-instrumental-ones→];</rbnfrule>
                <rbnfrule value="1000000000">miliardem[ →%%spellout-cardinal-masculine-instrumental-ones→];</rbnfrule>
                <rbnfrule value="2000000000">←← miliardami[ →%%spellout-cardinal-masculine-instrumental-ones→];</rbnfrule>
                <rbnfrule value="1000000000000">bilionem[ →%%spellout-cardinal-masculine-instrumental-ones→];</rbnfrule>
                <rbnfrule value="2000000000000">←← bilionami[ →%%spellout-cardinal-masculine-instrumental-ones→];</rbnfrule>
                <rbnfrule value="1000000000000000">biliardem[ →%%spellout-cardinal-masculine-instrumental-ones→];</rbnfrule>
                <rbnfrule value="2000000000000000">←← biliardami[ →%%spellout-cardinal-masculine-instrumental-ones→];</rbnfrule>
                <rbnfrule value="1000000000000000000">=#,##0=;</rbnfrule>
            </ruleset>
            <ruleset type="spellout-cardinal-feminine-instrumental">
                <rbnfrule value="-x">minus →→;</rbnfrule>
                <rbnfrule value="x.x">←%spellout-cardinal-feminine-instrumental← przecinek →→;</rbnfrule>
                <rbnfrule value="0">zerem;</rbnfrule>
                <rbnfrule value="1">jedną;</rbnfrule>
                <rbnfrule value="2">dwiema;</rbnfrule>
                <rbnfrule value="3">=%spellout-cardinal-masculine-instrumental=;</rbnfrule>
            </ruleset>
            <ruleset type="spellout-cardinal-neuter-instrumental">
                <rbnfrule value="0">=%spellout-cardinal-masculine-instrumental=;</rbnfrule>
            </ruleset>
            <ruleset type="spellout-cardinal-masculine-locative">
                <rbnfrule value="-x">minus →%spellout-cardinal-masculine-locative→;</rbnfrule>
                <rbnfrule value="x.x">←%spellout-cardinal-masculine-locative← przecinek →→;</rbnfrule>
                <rbnfrule value="0">zerze;</rbnfrule>
                <rbnfrule value="1">jednym;</rbnfrule>
                <rbnfrule value="2">dwóch;</rbnfrule>
                <rbnfrule value="3">trzech;</rbnfrule>
                <rbnfrule value="4">czterech;</rbnfrule>
                <rbnfrule value="5">pięciu;</rbnfrule>
                <rbnfrule value="6">sześciu;</rbnfrule>
                <rbnfrule value="7">siedmiu;</rbnfrule>
                <rbnfrule value="8">ośmiu;</rbnfrule>
                <rbnfrule value="9">dziewięciu;</rbnfrule>
                <rbnfrule value="10">dziesięciu;</rbnfrule>
                <rbnfrule value="11">jedenastu;</rbnfrule>
                <rbnfrule value="12">dwunastu;</rbnfrule>
                <rbnfrule value="13">trzynastu;</rbnfrule>
                <rbnfrule value="14">czternastu;</rbnfrule>
                <rbnfrule value="15">piętnastu;</rbnfrule>
                <rbnfrule value="16">szesnastu;</rbnfrule>
                <rbnfrule value="17">siedemnastu;</rbnfrule>
                <rbnfrule value="18">osiemnastu;</rbnfrule>
                <rbnfrule value="19">dziewiętnastu;</rbnfrule>
                <rbnfrule value="20">←%%spellout-cardinal-genitive-tens←[ →%%spellout-cardinal-masculine-locative-ones→];</rbnfrule>
                <rbnfrule value="100">stu[ →%%spellout-cardinal-masculine-locative-ones→];</rbnfrule>
                <rbnfrule value="200">dwustu[ →%%spellout-cardinal-masculine-locative-ones→];</rbnfrule>
                <rbnfrule value="300">←%spellout-cardinal-feminine←stu[ →%%spellout-cardinal-masculine-locative-ones→];</rbnfrule>
                <rbnfrule value="500">←%spellout-cardinal-feminine-genitive←set[ →%%spellout-cardinal-masculine-locative-ones→];</rbnfrule>
                <rbnfrule value="1000">tysiącu[ →%%spellout-cardinal-masculine-locative-ones→];</rbnfrule>
                <rbnfrule value="2000">←← tysiącach[ →%%spellout-cardinal-masculine-locative-ones→];</rbnfrule>
                <rbnfrule value="1000000">milionie[ →%%spellout-cardinal-masculine-locative-ones→];</rbnfrule>
                <rbnfrule value="2000000">←← milionach[ →%%spellout-cardinal-masculine-locative-ones→];</rbnfrule>
                <rbnfrule value="1000000000">miliardzie[ →%%spellout-cardinal-masculine-locative-ones→];</rbnfrule>
                <rbnfrule value="2000000000">←← miliardach[ →%%spellout-cardinal-masculine-locative-ones→];</rbnfrule>
                <rbnfrule value="1000000000000">bilionie[ →%%spellout-cardinal-masculine-locative-ones→];</rbnfrule>
                <rbnfrule value="2000000000000">←← bilionach[ →%%spellout-cardinal-masculine-locative-ones→];</rbnfrule>
                <rbnfrule value="1000000000000000">biliardzie[ →%%spellout-cardinal-masculine-locative-ones→];</rbnfrule>
                <rbnfrule value="2000000000000000">←← biliardach[ →%%spellout-cardinal-masculine-locative-ones→];</rbnfrule>
                <rbnfrule value="1000000000000000000">=#,##0=;</rbnfrule>
            </ruleset>
            <ruleset type="spellout-cardinal-feminine-locative">
                <rbnfrule value="-x">minus →→;</rbnfrule>
                <rbnfrule value="x.x">←%spellout-cardinal-feminine-locative← przecinek →→;</rbnfrule>
                <rbnfrule value="0">zerze;</rbnfrule>
                <rbnfrule value="1">jednej;</rbnfrule>
                <rbnfrule value="2">=%spellout-cardinal-masculine-locative=;</rbnfrule>
            </ruleset>
            <ruleset type="spellout-cardinal-masculine-genitive-ones" access="private">
                <rbnfrule value="1">jeden;</rbnfrule>
                <rbnfrule value="2">=%spellout-cardinal-masculine-genitive=;</rbnfrule>
            </ruleset>
            <ruleset type="spellout-cardinal-masculine-dative-ones" access="private">
                <rbnfrule value="1">jeden;</rbnfrule>
                <rbnfrule value="2">=%spellout-cardinal-masculine-dative=;</rbnfrule>
            </ruleset>
            <ruleset type="spellout-cardinal-masculine-instrumental-ones" access="private">
                <rbnfrule value="1">jeden;</rbnfrule>
                <rbnfrule value="2">=%spellout-cardinal-masculine-instrumental=;</rbnfrule>
            </ruleset>
            <ruleset type="spellout-cardinal-masculine-locative-ones" access="private">
                <rbnfrule value="1">jeden;</rbnfrule>
                <rbnfrule value="2">=%spellout-cardinal-masculine-locative=;</rbnfrule>
            </ruleset>
            <ruleset type="spellout-cardinal-feminine-ones" access="private">
                <rbnfrule value="1">jeden;</rbnfrule>
                <rbnfrule value="2">=%spellout-cardinal-feminine=;</rbnfrule>
            </ruleset>
            <ruleset type="spellout-cardinal-neuter-locative">
                <rbnfrule value="0">=%spellout-cardinal-masculine-locative=;</rbnfrule>
            </ruleset>
            <ruleset type="spellout-cardinal-tens" access="private">
                <rbnfrule value="1">dziesięć;</rbnfrule>
                <rbnfrule value="2">dwadzieścia;</rbnfrule>
                <rbnfrule value="3">trzydzieści;</rbnfrule>
                <rbnfrule value="4">czterdzieści;</rbnfrule>
                <rbnfrule value="5">pięćdziesiąt;</rbnfrule>
                <rbnfrule value="6">sześćdziesiąt;</rbnfrule>
                <rbnfrule value="7">siedemdziesiąt;</rbnfrule>
                <rbnfrule value="8">osiemdziesiąt;</rbnfrule>
                <rbnfrule value="9">dziewięćdziesiąt;</rbnfrule>
            </ruleset>
            <ruleset type="spellout-cardinal-genitive-tens" access="private">
                <rbnfrule value="1">dziesięciu;</rbnfrule>
                <rbnfrule value="2">dwudziestu;</rbnfrule>
                <rbnfrule value="3">trzydziestu;</rbnfrule>
                <rbnfrule value="4">czterdziestu;</rbnfrule>
                <rbnfrule value="5">pięćdziesięciu;</rbnfrule>
                <rbnfrule value="6">sześćdziesięciu;</rbnfrule>
                <rbnfrule value="7">siedemdziesięciu;</rbnfrule>
                <rbnfrule value="8">osiemdziesięciu;</rbnfrule>
                <rbnfrule value="9">dziewięćdziesięciu;</rbnfrule>
            </ruleset>
            <ruleset type="spellout-fraction" access="private">
                <rbnfrule value="10">←%spellout-cardinal-masculine←←;</rbnfrule>
                <rbnfrule value="100">←%spellout-cardinal-masculine←←;</rbnfrule>
                <rbnfrule value="1000">←%spellout-cardinal-masculine←←;</rbnfrule>
                <rbnfrule value="10000">←%%spellout-fraction-digits←←;</rbnfrule>
                <rbnfrule value="100000">←%%spellout-fraction-digits←←;</rbnfrule>
                <rbnfrule value="1000000">←%%spellout-fraction-digits←←;</rbnfrule>
                <rbnfrule value="10000000">←%%spellout-fraction-digits←←;</rbnfrule>
                <rbnfrule value="100000000">←%%spellout-fraction-digits←←;</rbnfrule>
                <rbnfrule value="1000000000">←%%spellout-fraction-digits←←;</rbnfrule>
                <rbnfrule value="10000000000">←0←;</rbnfrule>
            </ruleset>
            <ruleset type="spellout-fraction-digits" access="private">
                <rbnfrule value="0">=%spellout-cardinal-masculine=;</rbnfrule>
                <rbnfrule value="10">←← →→;</rbnfrule>
            </ruleset>
        </rulesetGrouping>
    </rbnf>
</ldml>
