<?xml version="1.0" encoding="UTF-8" ?>
<!DOCTYPE ldml SYSTEM "../../common/dtd/ldml.dtd">
<!--
Copyright © 1991-2021 Unicode, Inc.
CLDR data files are interpreted according to the LDML specification (http://unicode.org/reports/tr35/)
For terms of use, see http://www.unicode.org/copyright.html
-->
<ldml>
    <identity>
        <version number="$Revision$"/>
        <language type="pt"/>
    </identity>
    <rbnf>
        <rulesetGrouping type="SpelloutRules">
            <ruleset type="lenient-parse" access="private">
                <rbnfrule value="0">&amp;[last primary ignorable ] ←← ' ' ←← ',' ←← '-' ←← '­';</rbnfrule>
            </ruleset>
            <ruleset type="spellout-numbering-year">
                <rbnfrule value="x.x">=0.0=;</rbnfrule>
                <rbnfrule value="0">=%spellout-numbering=;</rbnfrule>
            </ruleset>
            <ruleset type="spellout-numbering">
                <rbnfrule value="0">=%spellout-cardinal-masculine=;</rbnfrule>
            </ruleset>
            <ruleset type="optional-e" access="private">
                <rbnfrule value="0">' e ;</rbnfrule>
                <rbnfrule value="1">' ;</rbnfrule>
            </ruleset>
            <ruleset type="spellout-cardinal-masculine-with-e" access="private">
                <rbnfrule value="0">' e =%spellout-cardinal-masculine=;</rbnfrule>
                <rbnfrule value="100">→%%optional-e→=%spellout-cardinal-masculine=;</rbnfrule>
            </ruleset>
            <ruleset type="spellout-cardinal-masculine">
                <rbnfrule value="-x">menos →→;</rbnfrule>
                <rbnfrule value="x.x">←← vírgula →→;</rbnfrule>
                <rbnfrule value="0">zero;</rbnfrule>
                <rbnfrule value="1">um;</rbnfrule>
                <rbnfrule value="2">dois;</rbnfrule>
                <rbnfrule value="3">três;</rbnfrule>
                <rbnfrule value="4">quatro;</rbnfrule>
                <rbnfrule value="5">cinco;</rbnfrule>
                <rbnfrule value="6">seis;</rbnfrule>
                <rbnfrule value="7">sete;</rbnfrule>
                <rbnfrule value="8">oito;</rbnfrule>
                <rbnfrule value="9">nove;</rbnfrule>
                <rbnfrule value="10">dez;</rbnfrule>
                <rbnfrule value="11">onze;</rbnfrule>
                <rbnfrule value="12">doze;</rbnfrule>
                <rbnfrule value="13">treze;</rbnfrule>
                <rbnfrule value="14">catorze;</rbnfrule>
                <rbnfrule value="15">quinze;</rbnfrule>
                <rbnfrule value="16">dezesseis;</rbnfrule>
                <rbnfrule value="17">dezessete;</rbnfrule>
                <rbnfrule value="18">dezoito;</rbnfrule>
                <rbnfrule value="19">dezenove;</rbnfrule>
                <rbnfrule value="20">vinte[ e →→];</rbnfrule>
                <rbnfrule value="30">trinta[ e →→];</rbnfrule>
                <rbnfrule value="40">quarenta[ e →→];</rbnfrule>
                <rbnfrule value="50">cinquenta[ e →→];</rbnfrule>
                <rbnfrule value="60">sessenta[ e →→];</rbnfrule>
                <rbnfrule value="70">setenta[ e →→];</rbnfrule>
                <rbnfrule value="80">oitenta[ e →→];</rbnfrule>
                <rbnfrule value="90">noventa[ e →→];</rbnfrule>
                <rbnfrule value="100">cem;</rbnfrule>
                <rbnfrule value="101">cento e →→;</rbnfrule>
                <rbnfrule value="200">duzentos[ e →→];</rbnfrule>
                <rbnfrule value="300">trezentos[ e →→];</rbnfrule>
                <rbnfrule value="400">quatrocentos[ e →→];</rbnfrule>
                <rbnfrule value="500">quinhentos[ e →→];</rbnfrule>
                <rbnfrule value="600">seiscentos[ e →→];</rbnfrule>
                <rbnfrule value="700">setecentos[ e →→];</rbnfrule>
                <rbnfrule value="800">oitocentos[ e →→];</rbnfrule>
                <rbnfrule value="900">novecentos[ e →→];</rbnfrule>
                <rbnfrule value="1000">mil[→%%spellout-cardinal-masculine-with-e→];</rbnfrule>
                <rbnfrule value="2000">←← mil[→%%spellout-cardinal-masculine-with-e→];</rbnfrule>
                <rbnfrule value="1000000">←← $(cardinal,one{milhão}other{milhões})$[→%%spellout-cardinal-masculine-with-e→];</rbnfrule>
                <rbnfrule value="1000000000">←← $(cardinal,one{bilhão}other{bilhões})$[→%%spellout-cardinal-masculine-with-e→];</rbnfrule>
                <rbnfrule value="1000000000000">←← $(cardinal,one{trilhão}other{trilhões})$[→%%spellout-cardinal-masculine-with-e→];</rbnfrule>
                <rbnfrule value="1000000000000000">←← $(cardinal,one{quatrilhão}other{quatrilhões})$[→%%spellout-cardinal-masculine-with-e→];</rbnfrule>
                <rbnfrule value="1000000000000000000">=#,##0=;</rbnfrule>
            </ruleset>
            <ruleset type="spellout-cardinal-feminine-with-e" access="private">
                <rbnfrule value="0">' e =%spellout-cardinal-feminine=;</rbnfrule>
                <rbnfrule value="100">→%%optional-e→=%spellout-cardinal-feminine=;</rbnfrule>
            </ruleset>
            <ruleset type="spellout-cardinal-feminine">
                <rbnfrule value="-x">menos →→;</rbnfrule>
                <rbnfrule value="x.x">←← vírgula →→;</rbnfrule>
                <rbnfrule value="0">zero;</rbnfrule>
                <rbnfrule value="1">uma;</rbnfrule>
                <rbnfrule value="2">duas;</rbnfrule>
                <rbnfrule value="3">=%spellout-cardinal-masculine=;</rbnfrule>
                <rbnfrule value="20">vinte[ e →→];</rbnfrule>
                <rbnfrule value="30">trinta[ e →→];</rbnfrule>
                <rbnfrule value="40">quarenta[ e →→];</rbnfrule>
                <rbnfrule value="50">cinquenta[ e →→];</rbnfrule>
                <rbnfrule value="60">sessenta[ e →→];</rbnfrule>
                <rbnfrule value="70">setenta[ e →→];</rbnfrule>
                <rbnfrule value="80">oitenta[ e →→];</rbnfrule>
                <rbnfrule value="90">noventa[ e →→];</rbnfrule>
                <rbnfrule value="100">cem;</rbnfrule>
                <rbnfrule value="101">cento e →→;</rbnfrule>
                <rbnfrule value="200">duzentas[ e →→];</rbnfrule>
                <rbnfrule value="300">trezentas[ e →→];</rbnfrule>
                <rbnfrule value="400">quatrocentas[ e →→];</rbnfrule>
                <rbnfrule value="500">quinhentas[ e →→];</rbnfrule>
                <rbnfrule value="600">seiscentas[ e →→];</rbnfrule>
                <rbnfrule value="700">setecentas[ e →→];</rbnfrule>
                <rbnfrule value="800">oitocentas[ e →→];</rbnfrule>
                <rbnfrule value="900">novecentas[ e →→];</rbnfrule>
                <rbnfrule value="1000">mil[→%%spellout-cardinal-feminine-with-e→];</rbnfrule>
                <rbnfrule value="2000">←← mil[→%%spellout-cardinal-feminine-with-e→];</rbnfrule>
                <rbnfrule value="1000000">←%spellout-cardinal-masculine← $(cardinal,one{milhão}other{milhões})$[→%%spellout-cardinal-feminine-with-e→];</rbnfrule>
                <rbnfrule value="1000000000">←%spellout-cardinal-masculine← $(cardinal,one{bilhão}other{bilhões})$[→%%spellout-cardinal-feminine-with-e→];</rbnfrule>
                <rbnfrule value="1000000000000">←%spellout-cardinal-masculine← $(cardinal,one{trilhão}other{trilhões})$[→%%spellout-cardinal-feminine-with-e→];</rbnfrule>
                <rbnfrule value="1000000000000000">←%spellout-cardinal-masculine← $(cardinal,one{quatrilhão}other{quatrilhões})$[→%%spellout-cardinal-feminine-with-e→];</rbnfrule>
                <rbnfrule value="1000000000000000000">=#,##0=;</rbnfrule>
            </ruleset>
            <ruleset type="spellout-ordinal-masculine">
                <rbnfrule value="-x">menos →→;</rbnfrule>
                <rbnfrule value="x.x">=#,##0.#=;</rbnfrule>
                <rbnfrule value="0">zero;</rbnfrule>
                <rbnfrule value="1">primeiro;</rbnfrule>
                <rbnfrule value="2">segundo;</rbnfrule>
                <rbnfrule value="3">terceiro;</rbnfrule>
                <rbnfrule value="4">quarto;</rbnfrule>
                <rbnfrule value="5">quinto;</rbnfrule>
                <rbnfrule value="6">sexto;</rbnfrule>
                <rbnfrule value="7">sétimo;</rbnfrule>
                <rbnfrule value="8">oitavo;</rbnfrule>
                <rbnfrule value="9">nono;</rbnfrule>
                <rbnfrule value="10">décimo[ →→];</rbnfrule>
                <rbnfrule value="20">vigésimo[ →→];</rbnfrule>
                <rbnfrule value="30">trigésimo[ →→];</rbnfrule>
                <rbnfrule value="40">quadragésimo[ →→];</rbnfrule>
                <rbnfrule value="50">quinquagésimo[ →→];</rbnfrule>
                <rbnfrule value="60">sexagésimo[ →→];</rbnfrule>
                <rbnfrule value="70">septuagésimo[ →→];</rbnfrule>
                <rbnfrule value="80">octogésimo[ →→];</rbnfrule>
                <rbnfrule value="90">nonagésimo[ →→];</rbnfrule>
                <rbnfrule value="100">centésimo[ →→];</rbnfrule>
                <rbnfrule value="200">ducentésimo[ →→];</rbnfrule>
                <rbnfrule value="300">tricentésimo[ →→];</rbnfrule>
                <rbnfrule value="400">quadringentésimo[ →→];</rbnfrule>
                <rbnfrule value="500">quingentésimo[ →→];</rbnfrule>
                <rbnfrule value="600">sexcentésimo[ →→];</rbnfrule>
                <rbnfrule value="700">septingentésimo[ →→];</rbnfrule>
                <rbnfrule value="800">octingentésimo[ →→];</rbnfrule>
                <rbnfrule value="900">noningentésimo[ →→];</rbnfrule>
                <rbnfrule value="1000">milésimo[ →→];</rbnfrule>
                <rbnfrule value="2000">←%spellout-cardinal-masculine← milésimo[ →→];</rbnfrule>
                <rbnfrule value="1000000">←%spellout-cardinal-masculine← milionésimo[ →→];</rbnfrule>
                <rbnfrule value="1000000000">←%spellout-cardinal-masculine← bilionésimo[ →→];</rbnfrule>
                <rbnfrule value="1000000000000">←%spellout-cardinal-masculine← trilionésimo[ →→];</rbnfrule>
                <rbnfrule value="1000000000000000">←%spellout-cardinal-masculine← quadrilionésimo[ →→];</rbnfrule>
                <rbnfrule value="1000000000000000000">=#,##0=º;</rbnfrule>
            </ruleset>
            <ruleset type="spellout-ordinal-feminine">
                <rbnfrule value="-x">menos →→;</rbnfrule>
                <rbnfrule value="x.x">=#,##0.#=;</rbnfrule>
                <rbnfrule value="0">zero;</rbnfrule>
                <rbnfrule value="1">primeira;</rbnfrule>
                <rbnfrule value="2">segunda;</rbnfrule>
                <rbnfrule value="3">terceira;</rbnfrule>
                <rbnfrule value="4">quarta;</rbnfrule>
                <rbnfrule value="5">quinta;</rbnfrule>
                <rbnfrule value="6">sexta;</rbnfrule>
                <rbnfrule value="7">sétima;</rbnfrule>
                <rbnfrule value="8">oitava;</rbnfrule>
                <rbnfrule value="9">nona;</rbnfrule>
                <rbnfrule value="10">décima[ →→];</rbnfrule>
                <rbnfrule value="20">vigésima[ →→];</rbnfrule>
                <rbnfrule value="30">trigésima[ →→];</rbnfrule>
                <rbnfrule value="40">quadragésima[ →→];</rbnfrule>
                <rbnfrule value="50">quinquagésima[ →→];</rbnfrule>
                <rbnfrule value="60">sexagésima[ →→];</rbnfrule>
                <rbnfrule value="70">septuagésima[ →→];</rbnfrule>
                <rbnfrule value="80">octogésima[ →→];</rbnfrule>
                <rbnfrule value="90">nonagésima[ →→];</rbnfrule>
                <rbnfrule value="100">centésima[ →→];</rbnfrule>
                <rbnfrule value="200">ducentésima[ →→];</rbnfrule>
                <rbnfrule value="300">tricentésima[ →→];</rbnfrule>
                <rbnfrule value="400">quadringentésima[ →→];</rbnfrule>
                <rbnfrule value="500">quingentésima[ →→];</rbnfrule>
                <rbnfrule value="600">sexcentésima[ →→];</rbnfrule>
                <rbnfrule value="700">septingentésima[ →→];</rbnfrule>
                <rbnfrule value="800">octingentésima[ →→];</rbnfrule>
                <rbnfrule value="900">noningentésima[ →→];</rbnfrule>
                <rbnfrule value="1000">milésima[ →→];</rbnfrule>
                <rbnfrule value="2000">←%spellout-cardinal-feminine← milésima[ →→];</rbnfrule>
                <rbnfrule value="1000000">←%spellout-cardinal-feminine← milionésima[ →→];</rbnfrule>
                <rbnfrule value="1000000000">←%spellout-cardinal-feminine← bilionésima[ →→];</rbnfrule>
                <rbnfrule value="1000000000000">←%spellout-cardinal-feminine← trilionésima[ →→];</rbnfrule>
                <rbnfrule value="1000000000000000">←%spellout-cardinal-feminine← quadrilionésima[ →→];</rbnfrule>
                <rbnfrule value="1000000000000000000">=#,##0=ª;</rbnfrule>
            </ruleset>
        </rulesetGrouping>
        <rulesetGrouping type="OrdinalRules">
            <ruleset type="digits-ordinal-masculine">
                <rbnfrule value="-x">−→→;</rbnfrule>
                <rbnfrule value="0">=#,##0=º;</rbnfrule>
            </ruleset>
            <ruleset type="digits-ordinal-feminine">
                <rbnfrule value="-x">−→→;</rbnfrule>
                <rbnfrule value="0">=#,##0=ª;</rbnfrule>
            </ruleset>
            <ruleset type="digits-ordinal">
                <rbnfrule value="0">=%digits-ordinal-masculine=;</rbnfrule>
            </ruleset>
        </rulesetGrouping>
    </rbnf>
</ldml>
