<?xml version="1.0" encoding="UTF-8" ?>
<!DOCTYPE ldml SYSTEM "../../common/dtd/ldml.dtd">
<!--
Copyright © 1991-2013 Unicode, Inc.
CLDR data files are interpreted according to the LDML specification (http://unicode.org/reports/tr35/)
For terms of use, see http://www.unicode.org/copyright.html
-->
<ldml>
    <identity>
        <version number="$Revision$"/>
        <language type="ro"/>
    </identity>
    <rbnf>
        <rulesetGrouping type="SpelloutRules">
            <ruleset type="spellout-numbering-year">
                <rbnfrule value="x.x">=0.0=;</rbnfrule>
                <rbnfrule value="0">=%spellout-numbering=;</rbnfrule>
            </ruleset>
            <ruleset type="spellout-numbering">
                <rbnfrule value="0">=%spellout-cardinal-masculine=;</rbnfrule>
            </ruleset>
            <ruleset type="spellout-cardinal-masculine">
                <rbnfrule value="-x">minus →→;</rbnfrule>
                <rbnfrule value="x.x">←← virgulă →→;</rbnfrule>
                <rbnfrule value="0">zero;</rbnfrule>
                <rbnfrule value="1">unu;</rbnfrule>
                <rbnfrule value="2">doi;</rbnfrule>
                <rbnfrule value="3">trei;</rbnfrule>
                <rbnfrule value="4">patru;</rbnfrule>
                <rbnfrule value="5">cinci;</rbnfrule>
                <rbnfrule value="6">şase;</rbnfrule>
                <rbnfrule value="7">şapte;</rbnfrule>
                <rbnfrule value="8">opt;</rbnfrule>
                <rbnfrule value="9">nouă;</rbnfrule>
                <rbnfrule value="10">zece;</rbnfrule>
                <rbnfrule value="11">unsprezece;</rbnfrule>
                <rbnfrule value="12">→→sprezece;</rbnfrule>
                <rbnfrule value="20">←%spellout-cardinal-feminine←zeci[ şi →→];</rbnfrule>
                <rbnfrule value="100">una sută[ →→];</rbnfrule>
                <rbnfrule value="200">←%spellout-cardinal-feminine← sute[ →→];</rbnfrule>
                <rbnfrule value="1000">una mie[ →→];</rbnfrule>
                <rbnfrule value="2000">←%spellout-cardinal-feminine← mii[ →→];</rbnfrule>
                <rbnfrule value="1000000">←%spellout-cardinal-neuter← milion[ →→];</rbnfrule>
                <rbnfrule value="2000000">←%spellout-cardinal-neuter← milioane[ →→];</rbnfrule>
                <rbnfrule value="1000000000">←%spellout-cardinal-neuter← miliard[ →→];</rbnfrule>
                <rbnfrule value="2000000000">←%spellout-cardinal-neuter← miliarde[ →→];</rbnfrule>
                <rbnfrule value="1000000000000">←%spellout-cardinal-neuter← bilion[ →→];</rbnfrule>
                <rbnfrule value="2000000000000">←%spellout-cardinal-neuter← bilioane[ →→];</rbnfrule>
                <rbnfrule value="1000000000000000">←%spellout-cardinal-neuter← biliard[ →→];</rbnfrule>
                <rbnfrule value="2000000000000000">←%spellout-cardinal-neuter← biliarde[ →→];</rbnfrule>
                <rbnfrule value="1000000000000000000">=#,##0=;</rbnfrule>
            </ruleset>
            <ruleset type="spellout-cardinal-feminine">
                <rbnfrule value="-x">minus →→;</rbnfrule>
                <rbnfrule value="x.x">←← virgulă →→;</rbnfrule>
                <rbnfrule value="0">zero;</rbnfrule>
                <rbnfrule value="1">una;</rbnfrule>
                <rbnfrule value="2">două;</rbnfrule>
                <rbnfrule value="3">=%spellout-cardinal-masculine=;</rbnfrule>
                <rbnfrule value="12">→→sprezece;</rbnfrule>
                <rbnfrule value="20">←%spellout-cardinal-feminine←zeci[ şi →→];</rbnfrule>
                <rbnfrule value="100">una sută[ →→];</rbnfrule>
                <rbnfrule value="200">←%spellout-cardinal-feminine← sute[ →→];</rbnfrule>
                <rbnfrule value="1000">una mie[ →→];</rbnfrule>
                <rbnfrule value="2000">←%spellout-cardinal-feminine← mii[ →→];</rbnfrule>
                <rbnfrule value="1000000">←%spellout-cardinal-neuter← milion[ →→];</rbnfrule>
                <rbnfrule value="2000000">←%spellout-cardinal-neuter← milioane[ →→];</rbnfrule>
                <rbnfrule value="1000000000">←%spellout-cardinal-neuter← miliard[ →→];</rbnfrule>
                <rbnfrule value="2000000000">←%spellout-cardinal-neuter← miliarde[ →→];</rbnfrule>
                <rbnfrule value="1000000000000">←%spellout-cardinal-neuter← bilion[ →→];</rbnfrule>
                <rbnfrule value="2000000000000">←%spellout-cardinal-neuter← bilioane[ →→];</rbnfrule>
                <rbnfrule value="1000000000000000">←%spellout-cardinal-neuter← biliard[ →→];</rbnfrule>
                <rbnfrule value="2000000000000000">←%spellout-cardinal-neuter← biliarde[ →→];</rbnfrule>
                <rbnfrule value="1000000000000000000">=#,##0=;</rbnfrule>
            </ruleset>
            <ruleset type="spellout-cardinal-neuter">
                <rbnfrule value="-x">minus →→;</rbnfrule>
                <rbnfrule value="x.x">←← virgulă →→;</rbnfrule>
                <rbnfrule value="0">zero;</rbnfrule>
                <rbnfrule value="1">unu;</rbnfrule>
                <rbnfrule value="2">=%spellout-cardinal-feminine=;</rbnfrule>
                <rbnfrule value="20">←%spellout-cardinal-feminine←zeci[ şi →→];</rbnfrule>
                <rbnfrule value="100">una sută[ →→];</rbnfrule>
                <rbnfrule value="200">←%spellout-cardinal-feminine← sute[ →→];</rbnfrule>
                <rbnfrule value="1000">una mie[ →→];</rbnfrule>
                <rbnfrule value="2000">←%spellout-cardinal-feminine← mii[ →→];</rbnfrule>
                <rbnfrule value="1000000">←%spellout-cardinal-neuter← milion[ →→];</rbnfrule>
                <rbnfrule value="2000000">←%spellout-cardinal-neuter← milioane[ →→];</rbnfrule>
                <rbnfrule value="1000000000">←%spellout-cardinal-neuter← miliard[ →→];</rbnfrule>
                <rbnfrule value="2000000000">←%spellout-cardinal-neuter← miliarde[ →→];</rbnfrule>
                <rbnfrule value="1000000000000">←%spellout-cardinal-neuter← bilion[ →→];</rbnfrule>
                <rbnfrule value="2000000000000">←%spellout-cardinal-neuter← bilioane[ →→];</rbnfrule>
                <rbnfrule value="1000000000000000">←%spellout-cardinal-neuter← biliard[ →→];</rbnfrule>
                <rbnfrule value="2000000000000000">←%spellout-cardinal-neuter← biliarde[ →→];</rbnfrule>
                <rbnfrule value="1000000000000000000">=#,##0=;</rbnfrule>
            </ruleset>
        </rulesetGrouping>
        <rulesetGrouping type="OrdinalRules">
            <ruleset type="digits-ordinal">
                <rbnfrule value="-x">−→→;</rbnfrule>
                <rbnfrule value="0">=#,##0=a;</rbnfrule>
            </ruleset>
        </rulesetGrouping>
    </rbnf>
</ldml>
