<?xml version="1.0" encoding="UTF-8" ?>
<!DOCTYPE ldml SYSTEM "../../common/dtd/ldml.dtd">
<!--
Copyright © 1991-2021 Unicode, Inc.
CLDR data files are interpreted according to the LDML specification (http://unicode.org/reports/tr35/)
For terms of use, see http://www.unicode.org/copyright.html
-->
<ldml>
    <identity>
        <version number="$Revision$"/>
        <language type="root"/>
    </identity>
    <rbnf>
        <rulesetGrouping type="NumberingSystemRules">
            <ruleset type="armenian-lower">
                <rbnfrule value="-x">−→→;</rbnfrule>
                <rbnfrule value="x.x">=#,##0.00=;</rbnfrule>
                <rbnfrule value="0">0;</rbnfrule>
                <rbnfrule value="1">ա;</rbnfrule>
                <rbnfrule value="2">բ;</rbnfrule>
                <rbnfrule value="3">գ;</rbnfrule>
                <rbnfrule value="4">դ;</rbnfrule>
                <rbnfrule value="5">ե;</rbnfrule>
                <rbnfrule value="6">զ;</rbnfrule>
                <rbnfrule value="7">է;</rbnfrule>
                <rbnfrule value="8">ը;</rbnfrule>
                <rbnfrule value="9">թ;</rbnfrule>
                <rbnfrule value="10">ժ[→→];</rbnfrule>
                <rbnfrule value="20">ի[→→];</rbnfrule>
                <rbnfrule value="30">լ[→→];</rbnfrule>
                <rbnfrule value="40">խ[→→];</rbnfrule>
                <rbnfrule value="50">ծ[→→];</rbnfrule>
                <rbnfrule value="60">կ[→→];</rbnfrule>
                <rbnfrule value="70">հ[→→];</rbnfrule>
                <rbnfrule value="80">ձ[→→];</rbnfrule>
                <rbnfrule value="90">ղ[→→];</rbnfrule>
                <rbnfrule value="100">ճ[→→];</rbnfrule>
                <rbnfrule value="200">մ[→→];</rbnfrule>
                <rbnfrule value="300">յ[→→];</rbnfrule>
                <rbnfrule value="400">ն[→→];</rbnfrule>
                <rbnfrule value="500">շ[→→];</rbnfrule>
                <rbnfrule value="600">ո[→→];</rbnfrule>
                <rbnfrule value="700">չ[→→];</rbnfrule>
                <rbnfrule value="800">պ[→→];</rbnfrule>
                <rbnfrule value="900">ջ[→→];</rbnfrule>
                <rbnfrule value="1000">ռ[→→];</rbnfrule>
                <rbnfrule value="2000">ս[→→];</rbnfrule>
                <rbnfrule value="3000">վ[→→];</rbnfrule>
                <rbnfrule value="4000">տ[→→];</rbnfrule>
                <rbnfrule value="5000">ր[→→];</rbnfrule>
                <rbnfrule value="6000">ց[→→];</rbnfrule>
                <rbnfrule value="7000">ւ[→→];</rbnfrule>
                <rbnfrule value="8000">փ[→→];</rbnfrule>
                <rbnfrule value="9000">ք[→→];</rbnfrule>
                <rbnfrule value="10000">=#,##0=;</rbnfrule>
            </ruleset>
            <ruleset type="armenian-upper">
                <rbnfrule value="-x">−→→;</rbnfrule>
                <rbnfrule value="x.x">=#,##0.00=;</rbnfrule>
                <rbnfrule value="0">0;</rbnfrule>
                <rbnfrule value="1">Ա;</rbnfrule>
                <rbnfrule value="2">Բ;</rbnfrule>
                <rbnfrule value="3">Գ;</rbnfrule>
                <rbnfrule value="4">Դ;</rbnfrule>
                <rbnfrule value="5">Ե;</rbnfrule>
                <rbnfrule value="6">Զ;</rbnfrule>
                <rbnfrule value="7">Է;</rbnfrule>
                <rbnfrule value="8">Ը;</rbnfrule>
                <rbnfrule value="9">Թ;</rbnfrule>
                <rbnfrule value="10">Ժ[→→];</rbnfrule>
                <rbnfrule value="20">Ի[→→];</rbnfrule>
                <rbnfrule value="30">Լ[→→];</rbnfrule>
                <rbnfrule value="40">Խ[→→];</rbnfrule>
                <rbnfrule value="50">Ծ[→→];</rbnfrule>
                <rbnfrule value="60">Կ[→→];</rbnfrule>
                <rbnfrule value="70">Հ[→→];</rbnfrule>
                <rbnfrule value="80">Ձ[→→];</rbnfrule>
                <rbnfrule value="90">Ղ[→→];</rbnfrule>
                <rbnfrule value="100">Ճ[→→];</rbnfrule>
                <rbnfrule value="200">Մ[→→];</rbnfrule>
                <rbnfrule value="300">Յ[→→];</rbnfrule>
                <rbnfrule value="400">Ն[→→];</rbnfrule>
                <rbnfrule value="500">Շ[→→];</rbnfrule>
                <rbnfrule value="600">Ո[→→];</rbnfrule>
                <rbnfrule value="700">Չ[→→];</rbnfrule>
                <rbnfrule value="800">Պ[→→];</rbnfrule>
                <rbnfrule value="900">Ջ[→→];</rbnfrule>
                <rbnfrule value="1000">Ռ[→→];</rbnfrule>
                <rbnfrule value="2000">Ս[→→];</rbnfrule>
                <rbnfrule value="3000">Վ[→→];</rbnfrule>
                <rbnfrule value="4000">Տ[→→];</rbnfrule>
                <rbnfrule value="5000">Ր[→→];</rbnfrule>
                <rbnfrule value="6000">Ց[→→];</rbnfrule>
                <rbnfrule value="7000">Ւ[→→];</rbnfrule>
                <rbnfrule value="8000">Փ[→→];</rbnfrule>
                <rbnfrule value="9000">Ք[→→];</rbnfrule>
                <rbnfrule value="10000">=#,##0=;</rbnfrule>
            </ruleset>
            <ruleset type="cyrillic-lower-1-10" access="private">
                <rbnfrule value="1">а;</rbnfrule>
                <rbnfrule value="2">в;</rbnfrule>
                <rbnfrule value="3">г;</rbnfrule>
                <rbnfrule value="4">д;</rbnfrule>
                <rbnfrule value="5">є;</rbnfrule>
                <rbnfrule value="6">ѕ;</rbnfrule>
                <rbnfrule value="7">з;</rbnfrule>
                <rbnfrule value="8">и;</rbnfrule>
                <rbnfrule value="9">ѳ;</rbnfrule>
                <rbnfrule value="10">і;</rbnfrule>
            </ruleset>
            <ruleset type="cyrillic-lower-final" access="private">
                <rbnfrule value="0">҃;</rbnfrule>
                <rbnfrule value="1">҃=%%cyrillic-lower-1-10=;</rbnfrule>
                <rbnfrule value="11">а҃і;</rbnfrule>
                <rbnfrule value="12">в҃і;</rbnfrule>
                <rbnfrule value="13">г҃і;</rbnfrule>
                <rbnfrule value="14">д҃і;</rbnfrule>
                <rbnfrule value="15">є҃і;</rbnfrule>
                <rbnfrule value="16">ѕ҃і;</rbnfrule>
                <rbnfrule value="17">з҃і;</rbnfrule>
                <rbnfrule value="18">и҃і;</rbnfrule>
                <rbnfrule value="19">ѳ҃і;</rbnfrule>
                <rbnfrule value="20">҃к;</rbnfrule>
                <rbnfrule value="21">к→→;</rbnfrule>
                <rbnfrule value="30">҃л;</rbnfrule>
                <rbnfrule value="31">л→→;</rbnfrule>
                <rbnfrule value="40">҃м;</rbnfrule>
                <rbnfrule value="41">м→→;</rbnfrule>
                <rbnfrule value="50">҃н;</rbnfrule>
                <rbnfrule value="51">н→→;</rbnfrule>
                <rbnfrule value="60">҃ѯ;</rbnfrule>
                <rbnfrule value="61">ѯ→→;</rbnfrule>
                <rbnfrule value="70">҃ѻ;</rbnfrule>
                <rbnfrule value="71">ѻ→→;</rbnfrule>
                <rbnfrule value="80">҃п;</rbnfrule>
                <rbnfrule value="81">п→→;</rbnfrule>
                <rbnfrule value="90">҃ч;</rbnfrule>
                <rbnfrule value="91">ч→→;</rbnfrule>
            </ruleset>
            <ruleset type="cyrillic-lower-post" access="private">
                <rbnfrule value="0">҃;</rbnfrule>
                <rbnfrule value="1">=%cyrillic-lower=;</rbnfrule>
            </ruleset>
            <ruleset type="cyrillic-lower-thousands" access="private">
                <rbnfrule value="0">҃;</rbnfrule>
                <rbnfrule value="1">҃҂а;</rbnfrule>
                <rbnfrule value="2">҃҂в;</rbnfrule>
                <rbnfrule value="3">҃҂г;</rbnfrule>
                <rbnfrule value="4">҃҂д;</rbnfrule>
                <rbnfrule value="5">҃҂є;</rbnfrule>
                <rbnfrule value="6">҃҂ѕ;</rbnfrule>
                <rbnfrule value="7">҃҂з;</rbnfrule>
                <rbnfrule value="8">҃҂и;</rbnfrule>
                <rbnfrule value="9">҃҂ѳ;</rbnfrule>
                <rbnfrule value="10">҃҂і;</rbnfrule>
                <rbnfrule value="11">҂а҃҂і;</rbnfrule>
                <rbnfrule value="12">҂в҃҂і;</rbnfrule>
                <rbnfrule value="13">҂г҃҂і;</rbnfrule>
                <rbnfrule value="14">҂д҃҂і;</rbnfrule>
                <rbnfrule value="15">҂є҃҂і;</rbnfrule>
                <rbnfrule value="16">҂ѕ҃҂і;</rbnfrule>
                <rbnfrule value="17">҂з҃҂і;</rbnfrule>
                <rbnfrule value="18">҂и҃҂і;</rbnfrule>
                <rbnfrule value="19">҂ѳ҃҂і;</rbnfrule>
                <rbnfrule value="20">҂к→→;</rbnfrule>
                <rbnfrule value="30">҂л→→;</rbnfrule>
                <rbnfrule value="40">҂м→→;</rbnfrule>
                <rbnfrule value="50">҂н→→;</rbnfrule>
                <rbnfrule value="60">҂ѯ→→;</rbnfrule>
                <rbnfrule value="70">҂ѻ→→;</rbnfrule>
                <rbnfrule value="80">҂п→→;</rbnfrule>
                <rbnfrule value="90">҂ч→→;</rbnfrule>
                <rbnfrule value="100">҂р→→;</rbnfrule>
                <rbnfrule value="200">҂с→→;</rbnfrule>
                <rbnfrule value="300">҂т→→;</rbnfrule>
                <rbnfrule value="400">҂у→→;</rbnfrule>
                <rbnfrule value="500">҂ф→→;</rbnfrule>
                <rbnfrule value="600">҂х→→;</rbnfrule>
                <rbnfrule value="700">҂ѱ→→;</rbnfrule>
                <rbnfrule value="800">҂ѿ→→;</rbnfrule>
                <rbnfrule value="900">҂ц→→;</rbnfrule>
            </ruleset>
            <ruleset type="cyrillic-lower">
                <rbnfrule value="-x">−→→;</rbnfrule>
                <rbnfrule value="x.x">←←.→→→;</rbnfrule>
                <rbnfrule value="0">0҃;</rbnfrule>
                <rbnfrule value="1">=%%cyrillic-lower-1-10=҃;</rbnfrule>
                <rbnfrule value="11">а҃і;</rbnfrule>
                <rbnfrule value="12">в҃і;</rbnfrule>
                <rbnfrule value="13">г҃і;</rbnfrule>
                <rbnfrule value="14">д҃і;</rbnfrule>
                <rbnfrule value="15">є҃і;</rbnfrule>
                <rbnfrule value="16">ѕ҃і;</rbnfrule>
                <rbnfrule value="17">з҃і;</rbnfrule>
                <rbnfrule value="18">и҃і;</rbnfrule>
                <rbnfrule value="19">ѳ҃і;</rbnfrule>
                <rbnfrule value="20">к→%%cyrillic-lower-final→;</rbnfrule>
                <rbnfrule value="30">л→%%cyrillic-lower-final→;</rbnfrule>
                <rbnfrule value="40">м→%%cyrillic-lower-final→;</rbnfrule>
                <rbnfrule value="50">н→%%cyrillic-lower-final→;</rbnfrule>
                <rbnfrule value="60">ѯ→%%cyrillic-lower-final→;</rbnfrule>
                <rbnfrule value="70">ѻ→%%cyrillic-lower-final→;</rbnfrule>
                <rbnfrule value="80">п→%%cyrillic-lower-final→;</rbnfrule>
                <rbnfrule value="90">ч→%%cyrillic-lower-final→;</rbnfrule>
                <rbnfrule value="100">р→%%cyrillic-lower-final→;</rbnfrule>
                <rbnfrule value="200">с→%%cyrillic-lower-final→;</rbnfrule>
                <rbnfrule value="300">т→%%cyrillic-lower-final→;</rbnfrule>
                <rbnfrule value="400">у→%%cyrillic-lower-final→;</rbnfrule>
                <rbnfrule value="500">ф→%%cyrillic-lower-final→;</rbnfrule>
                <rbnfrule value="600">х→%%cyrillic-lower-final→;</rbnfrule>
                <rbnfrule value="700">ѱ→%%cyrillic-lower-final→;</rbnfrule>
                <rbnfrule value="800">ѿ҃;</rbnfrule>
                <rbnfrule value="801">ѿ→→;</rbnfrule>
                <rbnfrule value="900">ц→%%cyrillic-lower-final→;</rbnfrule>
                <rbnfrule value="1000">҂←%%cyrillic-lower-1-10←→%%cyrillic-lower-post→;</rbnfrule>
                <rbnfrule value="10000" radix="1000">҂←←[ →→];</rbnfrule>
                <rbnfrule value="11000" radix="1000">←%%cyrillic-lower-thousands←[ →→];</rbnfrule>
                <rbnfrule value="1000000">҂҂←←[ →→];</rbnfrule>
                <rbnfrule value="1000000000">҂҂҂←←[ →→];</rbnfrule>
                <rbnfrule value="1000000000000">҂҂҂҂←←[ →→];</rbnfrule>
                <rbnfrule value="1000000000000000">҂҂҂҂҂←←[ →→];</rbnfrule>
                <rbnfrule value="1000000000000000000">=#,##0=;</rbnfrule>
            </ruleset>
            <ruleset type="ethiopic-p" access="private">
                <rbnfrule value="1">=%ethiopic=;</rbnfrule>
                <rbnfrule value="10000">←←፼[→→];</rbnfrule>
                <rbnfrule value="100000000">←←፼→%%ethiopic-p1→;</rbnfrule>
                <rbnfrule value="1000000000000">←←፼→%%ethiopic-p2→;</rbnfrule>
                <rbnfrule value="10000000000000000">←←፼→%%ethiopic-p3→;</rbnfrule>
            </ruleset>
            <ruleset type="ethiopic-p1" access="private">
                <rbnfrule value="0">፼;</rbnfrule>
                <rbnfrule value="1">፼=%%ethiopic-p=;</rbnfrule>
                <rbnfrule value="10000">←%ethiopic←፼[→%ethiopic→];</rbnfrule>
            </ruleset>
            <ruleset type="ethiopic-p2" access="private">
                <rbnfrule value="0">፼፼;</rbnfrule>
                <rbnfrule value="1">፼፼=%%ethiopic-p=;</rbnfrule>
                <rbnfrule value="100000000">←%ethiopic←፼→%%ethiopic-p1→;</rbnfrule>
            </ruleset>
            <ruleset type="ethiopic-p3" access="private">
                <rbnfrule value="0">፼፼፼;</rbnfrule>
                <rbnfrule value="1">፼፼፼=%%ethiopic-p=;</rbnfrule>
                <rbnfrule value="1000000000000">←%ethiopic←፼→%%ethiopic-p2→;</rbnfrule>
            </ruleset>
            <ruleset type="ethiopic">
                <rbnfrule value="-x">−→→;</rbnfrule>
                <rbnfrule value="x.x">←←፡→→;</rbnfrule>
                <rbnfrule value="0">ባዶ;</rbnfrule>
                <rbnfrule value="1">፩;</rbnfrule>
                <rbnfrule value="2">፪;</rbnfrule>
                <rbnfrule value="3">፫;</rbnfrule>
                <rbnfrule value="4">፬;</rbnfrule>
                <rbnfrule value="5">፭;</rbnfrule>
                <rbnfrule value="6">፮;</rbnfrule>
                <rbnfrule value="7">፯;</rbnfrule>
                <rbnfrule value="8">፰;</rbnfrule>
                <rbnfrule value="9">፱;</rbnfrule>
                <rbnfrule value="10">፲[→→];</rbnfrule>
                <rbnfrule value="20">፳[→→];</rbnfrule>
                <rbnfrule value="30">፴[→→];</rbnfrule>
                <rbnfrule value="40">፵[→→];</rbnfrule>
                <rbnfrule value="50">፶[→→];</rbnfrule>
                <rbnfrule value="60">፷[→→];</rbnfrule>
                <rbnfrule value="70">፸[→→];</rbnfrule>
                <rbnfrule value="80">፹[→→];</rbnfrule>
                <rbnfrule value="90">፺[→→];</rbnfrule>
                <rbnfrule value="100">፻[→→];</rbnfrule>
                <rbnfrule value="200">←←፻[→→];</rbnfrule>
                <rbnfrule value="10000">፼[→→];</rbnfrule>
                <rbnfrule value="20000">←←፼[→→];</rbnfrule>
                <rbnfrule value="100000000">፼→%%ethiopic-p1→;</rbnfrule>
                <rbnfrule value="200000000">←←፼→%%ethiopic-p1→;</rbnfrule>
                <rbnfrule value="1000000000000">፼→%%ethiopic-p2→;</rbnfrule>
                <rbnfrule value="2000000000000">←←፼→%%ethiopic-p2→;</rbnfrule>
                <rbnfrule value="10000000000000000">፼→%%ethiopic-p3→;</rbnfrule>
                <rbnfrule value="20000000000000000">←←፼→%%ethiopic-p3→;</rbnfrule>
                <rbnfrule value="1000000000000000000">=#,##0=;</rbnfrule>
            </ruleset>
            <ruleset type="georgian">
                <rbnfrule value="-x">−→→;</rbnfrule>
                <rbnfrule value="x.x">=#,##0.00=;</rbnfrule>
                <rbnfrule value="0">=#,##0=;</rbnfrule>
                <rbnfrule value="1">ა;</rbnfrule>
                <rbnfrule value="2">ბ;</rbnfrule>
                <rbnfrule value="3">გ;</rbnfrule>
                <rbnfrule value="4">დ;</rbnfrule>
                <rbnfrule value="5">ე;</rbnfrule>
                <rbnfrule value="6">ვ;</rbnfrule>
                <rbnfrule value="7">ზ;</rbnfrule>
                <rbnfrule value="8">ჱ;</rbnfrule>
                <rbnfrule value="9">თ;</rbnfrule>
                <rbnfrule value="10">ი[→→];</rbnfrule>
                <rbnfrule value="20">კ[→→];</rbnfrule>
                <rbnfrule value="30">ლ[→→];</rbnfrule>
                <rbnfrule value="40">მ[→→];</rbnfrule>
                <rbnfrule value="50">ნ[→→];</rbnfrule>
                <rbnfrule value="60">ჲ[→→];</rbnfrule>
                <rbnfrule value="70">ო[→→];</rbnfrule>
                <rbnfrule value="80">პ[→→];</rbnfrule>
                <rbnfrule value="90">ჟ[→→];</rbnfrule>
                <rbnfrule value="100">რ[→→];</rbnfrule>
                <rbnfrule value="200">ს[→→];</rbnfrule>
                <rbnfrule value="300">ტ[→→];</rbnfrule>
                <rbnfrule value="400">უ[→→];</rbnfrule>
                <rbnfrule value="500">ჳ[→→];</rbnfrule>
                <rbnfrule value="600">ფ[→→];</rbnfrule>
                <rbnfrule value="700">ქ[→→];</rbnfrule>
                <rbnfrule value="800">ღ[→→];</rbnfrule>
                <rbnfrule value="900">ყ[→→];</rbnfrule>
                <rbnfrule value="1000">შ[→→];</rbnfrule>
                <rbnfrule value="2000">ჩ[→→];</rbnfrule>
                <rbnfrule value="3000">ც[→→];</rbnfrule>
                <rbnfrule value="4000">ძ[→→];</rbnfrule>
                <rbnfrule value="5000">წ[→→];</rbnfrule>
                <rbnfrule value="6000">ჭ[→→];</rbnfrule>
                <rbnfrule value="7000">ხ[→→];</rbnfrule>
                <rbnfrule value="8000">ჴ[→→];</rbnfrule>
                <rbnfrule value="9000">ჵ[→→];</rbnfrule>
                <rbnfrule value="10000">ჯ[→→];</rbnfrule>
                <rbnfrule value="20000">=#,##0=;</rbnfrule>
            </ruleset>
            <ruleset type="greek-lower">
                <rbnfrule value="-x">−→→;</rbnfrule>
                <rbnfrule value="x.x">←←.→→→;</rbnfrule>
                <rbnfrule value="0">=%%greek-numeral-minuscules=´;</rbnfrule>
            </ruleset>
            <ruleset type="greek-numeral-minuscules" access="private">
                <rbnfrule value="0">𐆊;</rbnfrule>
                <rbnfrule value="1">α;</rbnfrule>
                <rbnfrule value="2">β;</rbnfrule>
                <rbnfrule value="3">γ;</rbnfrule>
                <rbnfrule value="4">δ;</rbnfrule>
                <rbnfrule value="5">ε;</rbnfrule>
                <rbnfrule value="6">ϝ;</rbnfrule>
                <rbnfrule value="7">ζ;</rbnfrule>
                <rbnfrule value="8">η;</rbnfrule>
                <rbnfrule value="9">θ;</rbnfrule>
                <rbnfrule value="10">ι[→→];</rbnfrule>
                <rbnfrule value="20">κ[→→];</rbnfrule>
                <rbnfrule value="30">λ[→→];</rbnfrule>
                <rbnfrule value="40">μ[→→];</rbnfrule>
                <rbnfrule value="50">ν[→→];</rbnfrule>
                <rbnfrule value="60">ξ[→→];</rbnfrule>
                <rbnfrule value="70">ο[→→];</rbnfrule>
                <rbnfrule value="80">π[→→];</rbnfrule>
                <rbnfrule value="90">ϟ[→→];</rbnfrule>
                <rbnfrule value="100">ρ[→→];</rbnfrule>
                <rbnfrule value="200">σ[→→];</rbnfrule>
                <rbnfrule value="300">τ[→→];</rbnfrule>
                <rbnfrule value="400">υ[→→];</rbnfrule>
                <rbnfrule value="500">φ[→→];</rbnfrule>
                <rbnfrule value="600">χ[→→];</rbnfrule>
                <rbnfrule value="700">ψ[→→];</rbnfrule>
                <rbnfrule value="800">ω[→→];</rbnfrule>
                <rbnfrule value="900">ϡ[→→];</rbnfrule>
                <rbnfrule value="1000">͵←←[→→];</rbnfrule>
                <rbnfrule value="10000">←←μ[ →→];</rbnfrule>
                <rbnfrule value="100000000">←←μμ[ →→];</rbnfrule>
                <rbnfrule value="1000000000000">←←μμμ[ →→];</rbnfrule>
                <rbnfrule value="10000000000000000">←←μμμμ[ →→];</rbnfrule>
                <rbnfrule value="1000000000000000000">=#,##0=;</rbnfrule>
            </ruleset>
            <ruleset type="greek-upper">
                <rbnfrule value="-x">−→→;</rbnfrule>
                <rbnfrule value="x.x">←←.→→→;</rbnfrule>
                <rbnfrule value="0">=%%greek-numeral-majuscules=´;</rbnfrule>
            </ruleset>
            <ruleset type="greek-numeral-majuscules" access="private">
                <rbnfrule value="0">𐆊;</rbnfrule>
                <rbnfrule value="1">Α;</rbnfrule>
                <rbnfrule value="2">Β;</rbnfrule>
                <rbnfrule value="3">Γ;</rbnfrule>
                <rbnfrule value="4">Δ;</rbnfrule>
                <rbnfrule value="5">Ε;</rbnfrule>
                <rbnfrule value="6">Ϝ;</rbnfrule>
                <rbnfrule value="7">Ζ;</rbnfrule>
                <rbnfrule value="8">Η;</rbnfrule>
                <rbnfrule value="9">Θ;</rbnfrule>
                <rbnfrule value="10">Ι[→→];</rbnfrule>
                <rbnfrule value="20">Κ[→→];</rbnfrule>
                <rbnfrule value="30">Λ[→→];</rbnfrule>
                <rbnfrule value="40">Μ[→→];</rbnfrule>
                <rbnfrule value="50">Ν[→→];</rbnfrule>
                <rbnfrule value="60">Ξ[→→];</rbnfrule>
                <rbnfrule value="70">Ο[→→];</rbnfrule>
                <rbnfrule value="80">Π[→→];</rbnfrule>
                <rbnfrule value="90">Ϟ[→→];</rbnfrule>
                <rbnfrule value="100">Ρ[→→];</rbnfrule>
                <rbnfrule value="200">Σ[→→];</rbnfrule>
                <rbnfrule value="300">Τ[→→];</rbnfrule>
                <rbnfrule value="400">Υ[→→];</rbnfrule>
                <rbnfrule value="500">Φ[→→];</rbnfrule>
                <rbnfrule value="600">Χ[→→];</rbnfrule>
                <rbnfrule value="700">Ψ[→→];</rbnfrule>
                <rbnfrule value="800">Ω[→→];</rbnfrule>
                <rbnfrule value="900">Ϡ[→→];</rbnfrule>
                <rbnfrule value="1000">͵←←[→→];</rbnfrule>
                <rbnfrule value="10000">←←Μ[ →→];</rbnfrule>
                <rbnfrule value="100000000">←←ΜΜ[ →→];</rbnfrule>
                <rbnfrule value="1000000000000">←←ΜΜΜ[ →→];</rbnfrule>
                <rbnfrule value="10000000000000000">←←ΜΜΜΜ[ →→];</rbnfrule>
                <rbnfrule value="1000000000000000000">=#,##0=;</rbnfrule>
            </ruleset>
            <ruleset type="hebrew-thousands" access="private">
                <rbnfrule value="0">=%hebrew=;</rbnfrule>
                <rbnfrule value="10">=%hebrew=[׳];</rbnfrule>
                <rbnfrule value="100">=%hebrew=[׳];</rbnfrule>
                <rbnfrule value="401">=%hebrew=׳;</rbnfrule>
            </ruleset>
            <ruleset type="hebrew">
                <rbnfrule value="-x">−→→;</rbnfrule>
                <rbnfrule value="x.x">=#,##0.00=;</rbnfrule>
                <rbnfrule value="0">=%hebrew-item=׳;</rbnfrule>
                <rbnfrule value="11">י״→%hebrew-item→;</rbnfrule>
                <rbnfrule value="15">ט״ו;</rbnfrule>
                <rbnfrule value="16">ט״ז;</rbnfrule>
                <rbnfrule value="17">י״→%hebrew-item→;</rbnfrule>
                <rbnfrule value="20">כ׳;</rbnfrule>
                <rbnfrule value="21">כ״→%hebrew-item→;</rbnfrule>
                <rbnfrule value="30">ל׳;</rbnfrule>
                <rbnfrule value="31">ל״→%hebrew-item→;</rbnfrule>
                <rbnfrule value="40">מ׳;</rbnfrule>
                <rbnfrule value="41">מ״→%hebrew-item→;</rbnfrule>
                <rbnfrule value="50">נ׳;</rbnfrule>
                <rbnfrule value="51">נ״→%hebrew-item→;</rbnfrule>
                <rbnfrule value="60">ס׳;</rbnfrule>
                <rbnfrule value="61">ס״→%hebrew-item→;</rbnfrule>
                <rbnfrule value="70">ע׳;</rbnfrule>
                <rbnfrule value="71">ע״→%hebrew-item→;</rbnfrule>
                <rbnfrule value="80">פ׳;</rbnfrule>
                <rbnfrule value="81">פ״→%hebrew-item→;</rbnfrule>
                <rbnfrule value="90">צ׳;</rbnfrule>
                <rbnfrule value="91">צ״→%hebrew-item→;</rbnfrule>
                <rbnfrule value="100">ק→%%hebrew-0-99→;</rbnfrule>
                <rbnfrule value="200">ר→%%hebrew-0-99→;</rbnfrule>
                <rbnfrule value="298">רח״צ;</rbnfrule>
                <rbnfrule value="299">ר→%%hebrew-0-99→;</rbnfrule>
                <rbnfrule value="300">ש→%%hebrew-0-99→;</rbnfrule>
                <rbnfrule value="304">ד״ש;</rbnfrule>
                <rbnfrule value="305">ש→%%hebrew-0-99→;</rbnfrule>
                <rbnfrule value="344">שד״מ;</rbnfrule>
                <rbnfrule value="345">ש→%%hebrew-0-99→;</rbnfrule>
                <rbnfrule value="400">ת→%%hebrew-0-99→;</rbnfrule>
                <rbnfrule value="500">ת״ק;</rbnfrule>
                <rbnfrule value="501">תק→%%hebrew-0-99→;</rbnfrule>
                <rbnfrule value="600">ת״ר;</rbnfrule>
                <rbnfrule value="601">תר→%%hebrew-0-99→;</rbnfrule>
                <rbnfrule value="698">תרח״צ;</rbnfrule>
                <rbnfrule value="699">תר→%%hebrew-0-99→;</rbnfrule>
                <rbnfrule value="700">ת״ש;</rbnfrule>
                <rbnfrule value="701">תש→%%hebrew-0-99→;</rbnfrule>
                <rbnfrule value="744">תשד״מ;</rbnfrule>
                <rbnfrule value="745">תש→%%hebrew-0-99→;</rbnfrule>
                <rbnfrule value="800">ת״ת;</rbnfrule>
                <rbnfrule value="801">תת→%%hebrew-0-99→;</rbnfrule>
                <rbnfrule value="900">תת״ק;</rbnfrule>
                <rbnfrule value="901">תתק→%%hebrew-0-99→;</rbnfrule>
                <rbnfrule value="1000">אלף;</rbnfrule>
                <rbnfrule value="1001">←%%hebrew-thousands←[→→];</rbnfrule>
                <rbnfrule value="2000">אלפיים;</rbnfrule>
                <rbnfrule value="2001">←%%hebrew-thousands←[→→];</rbnfrule>
                <rbnfrule value="3000">←← אלפים;</rbnfrule>
                <rbnfrule value="3001">←%%hebrew-thousands←[→→];</rbnfrule>
                <rbnfrule value="1000000">אלף אלפים;</rbnfrule>
                <rbnfrule value="1000001">=#,##0=;</rbnfrule>
            </ruleset>
            <ruleset type="hebrew-0-99" access="private">
                <rbnfrule value="0">׳;</rbnfrule>
                <rbnfrule value="1">״=%hebrew-item=;</rbnfrule>
                <rbnfrule value="11">י״→%hebrew-item→;</rbnfrule>
                <rbnfrule value="15">ט״ו;</rbnfrule>
                <rbnfrule value="16">ט״ז;</rbnfrule>
                <rbnfrule value="17">י״→%hebrew-item→;</rbnfrule>
                <rbnfrule value="20">״כ;</rbnfrule>
                <rbnfrule value="21">כ״→%hebrew-item→;</rbnfrule>
                <rbnfrule value="30">״ל;</rbnfrule>
                <rbnfrule value="31">ל״→%hebrew-item→;</rbnfrule>
                <rbnfrule value="40">״מ;</rbnfrule>
                <rbnfrule value="41">מ״→%hebrew-item→;</rbnfrule>
                <rbnfrule value="50">״נ;</rbnfrule>
                <rbnfrule value="51">נ״→%hebrew-item→;</rbnfrule>
                <rbnfrule value="60">״ס;</rbnfrule>
                <rbnfrule value="61">ס״→%hebrew-item→;</rbnfrule>
                <rbnfrule value="70">״ע;</rbnfrule>
                <rbnfrule value="71">ע״→%hebrew-item→;</rbnfrule>
                <rbnfrule value="80">״ף;</rbnfrule>
                <rbnfrule value="81">פ״→%hebrew-item→;</rbnfrule>
                <rbnfrule value="90">״צ;</rbnfrule>
                <rbnfrule value="91">צ״→%hebrew-item→;</rbnfrule>
            </ruleset>
            <ruleset type="hebrew-item-hundreds" access="private">
                <rbnfrule value="-x">−→→;</rbnfrule>
                <rbnfrule value="x.x">=#,##0.00=;</rbnfrule>
                <rbnfrule value="0">״;</rbnfrule>
                <rbnfrule value="1">א;</rbnfrule>
                <rbnfrule value="2">ב;</rbnfrule>
                <rbnfrule value="3">ג;</rbnfrule>
                <rbnfrule value="4">ד;</rbnfrule>
                <rbnfrule value="5">ה;</rbnfrule>
                <rbnfrule value="6">ו;</rbnfrule>
                <rbnfrule value="7">ז;</rbnfrule>
                <rbnfrule value="8">ח;</rbnfrule>
                <rbnfrule value="9">ט;</rbnfrule>
                <rbnfrule value="10">י[→→];</rbnfrule>
                <rbnfrule value="15">טו;</rbnfrule>
                <rbnfrule value="16">טז;</rbnfrule>
                <rbnfrule value="17">י→→;</rbnfrule>
                <rbnfrule value="20">כ[→→];</rbnfrule>
                <rbnfrule value="30">ל[→→];</rbnfrule>
                <rbnfrule value="40">מ[→→];</rbnfrule>
                <rbnfrule value="50">נ[→→];</rbnfrule>
                <rbnfrule value="60">ס[→→];</rbnfrule>
                <rbnfrule value="70">ע[→→];</rbnfrule>
                <rbnfrule value="80">ף;</rbnfrule>
                <rbnfrule value="81">פ[→→];</rbnfrule>
                <rbnfrule value="90">צ[→→];</rbnfrule>
                <rbnfrule value="100">ק[→→];</rbnfrule>
                <rbnfrule value="200">ר[→→];</rbnfrule>
                <rbnfrule value="298">רחצ;</rbnfrule>
                <rbnfrule value="299">ר→→;</rbnfrule>
                <rbnfrule value="300">ש[→→];</rbnfrule>
                <rbnfrule value="304">דש;</rbnfrule>
                <rbnfrule value="305">ש→→;</rbnfrule>
                <rbnfrule value="344">שדמ;</rbnfrule>
                <rbnfrule value="345">ש→→;</rbnfrule>
                <rbnfrule value="400">ת[→→];</rbnfrule>
                <rbnfrule value="500">תק[→→];</rbnfrule>
                <rbnfrule value="600">תר[→→];</rbnfrule>
                <rbnfrule value="698">תרחצ;</rbnfrule>
                <rbnfrule value="699">תר→→;</rbnfrule>
                <rbnfrule value="700">תש[→→];</rbnfrule>
                <rbnfrule value="744">תשדמ;</rbnfrule>
                <rbnfrule value="745">תש→→;</rbnfrule>
                <rbnfrule value="800">תת[→→];</rbnfrule>
                <rbnfrule value="900">תתק[→→];</rbnfrule>
                <rbnfrule value="1000" radix="100">תתר[→→];</rbnfrule>
                <rbnfrule value="1100" radix="100">תתש[→→];</rbnfrule>
                <rbnfrule value="1200" radix="100">תתת[→→];</rbnfrule>
                <rbnfrule value="1300" radix="100">תתתק[→→];</rbnfrule>
                <rbnfrule value="1400" radix="100">תתתר[→→];</rbnfrule>
                <rbnfrule value="1500" radix="100">תתתש[→→];</rbnfrule>
                <rbnfrule value="1600" radix="100">תתתת[→→];</rbnfrule>
                <rbnfrule value="1700" radix="100">תתתתק[→→];</rbnfrule>
                <rbnfrule value="1800" radix="100">תתתתר[→→];</rbnfrule>
                <rbnfrule value="1900" radix="100">תתתתש[→→];</rbnfrule>
                <rbnfrule value="2000" radix="100">תתתתת[→→];</rbnfrule>
                <rbnfrule value="2100">=#,##0=;</rbnfrule>
            </ruleset>
            <ruleset type="hebrew-item">
                <rbnfrule value="-x">−→→;</rbnfrule>
                <rbnfrule value="x.x">=#,##0.00=;</rbnfrule>
                <rbnfrule value="0">״;</rbnfrule>
                <rbnfrule value="1">א;</rbnfrule>
                <rbnfrule value="2">ב;</rbnfrule>
                <rbnfrule value="3">ג;</rbnfrule>
                <rbnfrule value="4">ד;</rbnfrule>
                <rbnfrule value="5">ה;</rbnfrule>
                <rbnfrule value="6">ו;</rbnfrule>
                <rbnfrule value="7">ז;</rbnfrule>
                <rbnfrule value="8">ח;</rbnfrule>
                <rbnfrule value="9">ט;</rbnfrule>
                <rbnfrule value="10">י[→→];</rbnfrule>
                <rbnfrule value="15">טו;</rbnfrule>
                <rbnfrule value="16">טז;</rbnfrule>
                <rbnfrule value="17">י→→;</rbnfrule>
                <rbnfrule value="20">כ[→→];</rbnfrule>
                <rbnfrule value="30">ל[→→];</rbnfrule>
                <rbnfrule value="40">מ[→→];</rbnfrule>
                <rbnfrule value="50">נ[→→];</rbnfrule>
                <rbnfrule value="60">ס[→→];</rbnfrule>
                <rbnfrule value="70">ע[→→];</rbnfrule>
                <rbnfrule value="80">פ[→→];</rbnfrule>
                <rbnfrule value="90">צ[→→];</rbnfrule>
                <rbnfrule value="100">=%%hebrew-item-hundreds=;</rbnfrule>
            </ruleset>
            <ruleset type="roman-lower">
                <rbnfrule value="-x">−→→;</rbnfrule>
                <rbnfrule value="x.x">=#,##0.00=;</rbnfrule>
                <rbnfrule value="0">n;</rbnfrule>
                <rbnfrule value="1">i;</rbnfrule>
                <rbnfrule value="2">ii;</rbnfrule>
                <rbnfrule value="3">iii;</rbnfrule>
                <rbnfrule value="4">iv;</rbnfrule>
                <rbnfrule value="5">v;</rbnfrule>
                <rbnfrule value="6">vi;</rbnfrule>
                <rbnfrule value="7">vii;</rbnfrule>
                <rbnfrule value="8">viii;</rbnfrule>
                <rbnfrule value="9">ix;</rbnfrule>
                <rbnfrule value="10">x[→→];</rbnfrule>
                <rbnfrule value="20">xx[→→];</rbnfrule>
                <rbnfrule value="30">xxx[→→];</rbnfrule>
                <rbnfrule value="40">xl[→→];</rbnfrule>
                <rbnfrule value="50">l[→→];</rbnfrule>
                <rbnfrule value="60">lx[→→];</rbnfrule>
                <rbnfrule value="70">lxx[→→];</rbnfrule>
                <rbnfrule value="80">lxxx[→→];</rbnfrule>
                <rbnfrule value="90">xc[→→];</rbnfrule>
                <rbnfrule value="100">c[→→];</rbnfrule>
                <rbnfrule value="200">cc[→→];</rbnfrule>
                <rbnfrule value="300">ccc[→→];</rbnfrule>
                <rbnfrule value="400">cd[→→];</rbnfrule>
                <rbnfrule value="500">d[→→];</rbnfrule>
                <rbnfrule value="600">dc[→→];</rbnfrule>
                <rbnfrule value="700">dcc[→→];</rbnfrule>
                <rbnfrule value="800">dccc[→→];</rbnfrule>
                <rbnfrule value="900">cm[→→];</rbnfrule>
                <rbnfrule value="1000">m[→→];</rbnfrule>
                <rbnfrule value="2000">mm[→→];</rbnfrule>
                <rbnfrule value="3000">mmm[→→];</rbnfrule>
                <rbnfrule value="4000">mmmm[→→];</rbnfrule>
                <rbnfrule value="5000">=#,##0=;</rbnfrule>
            </ruleset>
            <ruleset type="roman-upper">
                <rbnfrule value="-x">−→→;</rbnfrule>
                <rbnfrule value="x.x">=#,##0.00=;</rbnfrule>
                <rbnfrule value="0">N;</rbnfrule>
                <rbnfrule value="1">I;</rbnfrule>
                <rbnfrule value="2">II;</rbnfrule>
                <rbnfrule value="3">III;</rbnfrule>
                <rbnfrule value="4">IV;</rbnfrule>
                <rbnfrule value="5">V;</rbnfrule>
                <rbnfrule value="6">VI;</rbnfrule>
                <rbnfrule value="7">VII;</rbnfrule>
                <rbnfrule value="8">VIII;</rbnfrule>
                <rbnfrule value="9">IX;</rbnfrule>
                <rbnfrule value="10">X[→→];</rbnfrule>
                <rbnfrule value="20">XX[→→];</rbnfrule>
                <rbnfrule value="30">XXX[→→];</rbnfrule>
                <rbnfrule value="40">XL[→→];</rbnfrule>
                <rbnfrule value="50">L[→→];</rbnfrule>
                <rbnfrule value="60">LX[→→];</rbnfrule>
                <rbnfrule value="70">LXX[→→];</rbnfrule>
                <rbnfrule value="80">LXXX[→→];</rbnfrule>
                <rbnfrule value="90">XC[→→];</rbnfrule>
                <rbnfrule value="100">C[→→];</rbnfrule>
                <rbnfrule value="200">CC[→→];</rbnfrule>
                <rbnfrule value="300">CCC[→→];</rbnfrule>
                <rbnfrule value="400">CD[→→];</rbnfrule>
                <rbnfrule value="500">D[→→];</rbnfrule>
                <rbnfrule value="600">DC[→→];</rbnfrule>
                <rbnfrule value="700">DCC[→→];</rbnfrule>
                <rbnfrule value="800">DCCC[→→];</rbnfrule>
                <rbnfrule value="900">CM[→→];</rbnfrule>
                <rbnfrule value="1000">M[→→];</rbnfrule>
                <rbnfrule value="2000">MM[→→];</rbnfrule>
                <rbnfrule value="3000">MMM[→→];</rbnfrule>
                <rbnfrule value="4000">Mↁ[→→];</rbnfrule>
                <rbnfrule value="5000">ↁ[→→];</rbnfrule>
                <rbnfrule value="6000">ↁM[→→];</rbnfrule>
                <rbnfrule value="7000">ↁMM[→→];</rbnfrule>
                <rbnfrule value="8000">ↁMMM[→→];</rbnfrule>
                <rbnfrule value="9000">Mↂ[→→];</rbnfrule>
                <rbnfrule value="10000">ↂ[→→];</rbnfrule>
                <rbnfrule value="20000">ↂↂ[→→];</rbnfrule>
                <rbnfrule value="30000">ↂↂↂ[→→];</rbnfrule>
                <rbnfrule value="40000">ↂↇ[→→];</rbnfrule>
                <rbnfrule value="50000">ↇ[→→];</rbnfrule>
                <rbnfrule value="60000">ↇↂ[→→];</rbnfrule>
                <rbnfrule value="70000">ↇↂↂ[→→];</rbnfrule>
                <rbnfrule value="80000">ↇↂↂↂ[→→];</rbnfrule>
                <rbnfrule value="90000">ↂↈ[→→];</rbnfrule>
                <rbnfrule value="100000">ↈ[→→];</rbnfrule>
                <rbnfrule value="200000">ↈↈ[→→];</rbnfrule>
                <rbnfrule value="300000">ↈↈↈ[→→];</rbnfrule>
                <rbnfrule value="400000">=#,##0=;</rbnfrule>
            </ruleset>
            <ruleset type="tamil">
                <rbnfrule value="-x">−→→;</rbnfrule>
                <rbnfrule value="x.x">=#,##0.00=;</rbnfrule>
                <rbnfrule value="0">௦;</rbnfrule>
                <rbnfrule value="1">௧;</rbnfrule>
                <rbnfrule value="2">௨;</rbnfrule>
                <rbnfrule value="3">௩;</rbnfrule>
                <rbnfrule value="4">௪;</rbnfrule>
                <rbnfrule value="5">௫;</rbnfrule>
                <rbnfrule value="6">௬;</rbnfrule>
                <rbnfrule value="7">௭;</rbnfrule>
                <rbnfrule value="8">௮;</rbnfrule>
                <rbnfrule value="9">௯;</rbnfrule>
                <rbnfrule value="10">௰[→→];</rbnfrule>
                <rbnfrule value="20">←←௰[→→];</rbnfrule>
                <rbnfrule value="100">௱[→→];</rbnfrule>
                <rbnfrule value="200">←←௱[→→];</rbnfrule>
                <rbnfrule value="1000">௲[→→];</rbnfrule>
                <rbnfrule value="2000">←←௲[→→];</rbnfrule>
                <rbnfrule value="1000000" radix="100000">←←௱௲[→%%tamil-thousands→];</rbnfrule>
                <rbnfrule value="100000000">=#,##,##0=;</rbnfrule>
            </ruleset>
            <ruleset type="tamil-thousands" access="private">
                <rbnfrule value="0">=%tamil=;</rbnfrule>
                <rbnfrule value="1000">←←௲[→→];</rbnfrule>
            </ruleset>
            <ruleset type="zz-default">
                <rbnfrule value="0">=#,##0=;</rbnfrule>
            </ruleset>
        </rulesetGrouping>
        <rulesetGrouping type="OrdinalRules">
            <ruleset type="digits-ordinal">
                <rbnfrule value="-x">−→→;</rbnfrule>
                <rbnfrule value="0">=#,##0=.;</rbnfrule>
            </ruleset>
        </rulesetGrouping>
        <rulesetGrouping type="SpelloutRules">
            <ruleset type="spellout-numbering-year">
                <rbnfrule value="-x">−→→;</rbnfrule>
                <rbnfrule value="x.x">=0.0=;</rbnfrule>
                <rbnfrule value="0">=0=;</rbnfrule>
            </ruleset>
            <ruleset type="spellout-numbering">
                <rbnfrule value="-x">−→→;</rbnfrule>
                <rbnfrule value="0">=#,##0.#=;</rbnfrule>
            </ruleset>
            <ruleset type="spellout-cardinal">
                <rbnfrule value="-x">−→→;</rbnfrule>
                <rbnfrule value="0">=#,##0.#=;</rbnfrule>
            </ruleset>
            <ruleset type="spellout-ordinal">
                <rbnfrule value="-x">−→→;</rbnfrule>
                <rbnfrule value="0">=#,##0.#=.;</rbnfrule>
            </ruleset>
        </rulesetGrouping>
    </rbnf>
</ldml>
