<?xml version="1.0" encoding="UTF-8" ?>
<!DOCTYPE ldml SYSTEM "../../common/dtd/ldml.dtd">
<!--
Copyright © 1991-2013 Unicode, Inc.
CLDR data files are interpreted according to the LDML specification (http://unicode.org/reports/tr35/)
For terms of use, see http://www.unicode.org/copyright.html
-->
<ldml>
    <identity>
        <version number="$Revision$"/>
        <language type="th"/>
    </identity>
    <rbnf>
        <rulesetGrouping type="SpelloutRules">
            <ruleset type="spellout-numbering-year">
                <rbnfrule value="x.x">=0.0=;</rbnfrule>
                <rbnfrule value="0">=%spellout-numbering=;</rbnfrule>
            </ruleset>
            <ruleset type="spellout-numbering">
                <rbnfrule value="0">=%spellout-cardinal=;</rbnfrule>
            </ruleset>
            <ruleset type="spellout-cardinal">
                <rbnfrule value="-x">ลบ​→→;</rbnfrule>
                <rbnfrule value="x.x">←←​จุด​→→→;</rbnfrule>
                <rbnfrule value="0">ศูนย์;</rbnfrule>
                <rbnfrule value="1">หนึ่ง;</rbnfrule>
                <rbnfrule value="2">สอง;</rbnfrule>
                <rbnfrule value="3">สาม;</rbnfrule>
                <rbnfrule value="4">สี่;</rbnfrule>
                <rbnfrule value="5">ห้า;</rbnfrule>
                <rbnfrule value="6">หก;</rbnfrule>
                <rbnfrule value="7">เจ็ด;</rbnfrule>
                <rbnfrule value="8">แปด;</rbnfrule>
                <rbnfrule value="9">เก้า;</rbnfrule>
                <rbnfrule value="10">สิบ[​→%%alt-ones→];</rbnfrule>
                <rbnfrule value="20">ยี่​สิบ[​→%%alt-ones→];</rbnfrule>
                <rbnfrule value="30">←←​สิบ[​→%%alt-ones→];</rbnfrule>
                <rbnfrule value="100">←←​ร้อย[​→→];</rbnfrule>
                <rbnfrule value="1000">←←​พัน[​→→];</rbnfrule>
                <rbnfrule value="10000">←←​หมื่น[​→→];</rbnfrule>
                <rbnfrule value="100000">←←​แสน[​→→];</rbnfrule>
                <rbnfrule value="1000000">←←​ล้าน[​→→];</rbnfrule>
                <rbnfrule value="1000000000000000000">=#,##0=;</rbnfrule>
            </ruleset>
            <ruleset type="alt-ones" access="private">
                <rbnfrule value="1">เอ็ด;</rbnfrule>
                <rbnfrule value="2">=%spellout-cardinal=;</rbnfrule>
            </ruleset>
            <ruleset type="spellout-ordinal">
                <rbnfrule value="x.x">=#,##0.#=;</rbnfrule>
                <rbnfrule value="0">ที่​=%spellout-cardinal=;</rbnfrule>
            </ruleset>
        </rulesetGrouping>
        <rulesetGrouping type="OrdinalRules">
            <ruleset type="digits-ordinal">
                <rbnfrule value="-x">ที่ −→#,##0→;</rbnfrule>
                <rbnfrule value="0">ที่ =#,##0=;</rbnfrule>
            </ruleset>
        </rulesetGrouping>
    </rbnf>
</ldml>
