<?xml version="1.0" encoding="UTF-8" ?>
<!DOCTYPE ldml SYSTEM "../../common/dtd/ldml.dtd">
<!--
Copyright © 1991-2021 Unicode, Inc.
CLDR data files are interpreted according to the LDML specification (http://unicode.org/reports/tr35/)
For terms of use, see http://www.unicode.org/copyright.html
-->
<ldml>
    <identity>
        <version number="$Revision$"/>
        <language type="vec"/>
    </identity>
    <rbnf>
        <rulesetGrouping type="SpelloutRules">
            <ruleset type="spellout-numbering-year">
                <rbnfrule value="x.x">=0.0=;</rbnfrule>
                <rbnfrule value="0">=%spellout-numbering=;</rbnfrule>
            </ruleset>
            <ruleset type="spellout-numbering">
                <rbnfrule value="-x">manca →→;</rbnfrule>
                <rbnfrule value="x.x">←← vìrgoła →→;</rbnfrule>
                <rbnfrule value="0">zero;</rbnfrule>
                <rbnfrule value="1">uno;</rbnfrule>
                <rbnfrule value="2">do;</rbnfrule>
                <rbnfrule value="3">tre;</rbnfrule>
                <rbnfrule value="4">cuatro;</rbnfrule>
                <rbnfrule value="5">sincue;</rbnfrule>
                <rbnfrule value="6">sie;</rbnfrule>
                <rbnfrule value="7">sete;</rbnfrule>
                <rbnfrule value="8">oto;</rbnfrule>
                <rbnfrule value="9">nove;</rbnfrule>
                <rbnfrule value="10">dieze;</rbnfrule>
                <rbnfrule value="11">ùndeze;</rbnfrule>
                <rbnfrule value="12">dódeze;</rbnfrule>
                <rbnfrule value="13">trèdeze;</rbnfrule>
                <rbnfrule value="14">cuatòrdeze;</rbnfrule>
                <rbnfrule value="15">cuìndeze;</rbnfrule>
                <rbnfrule value="16">sédeze;</rbnfrule>
                <rbnfrule value="17">disete;</rbnfrule>
                <rbnfrule value="18">dizdoto;</rbnfrule>
                <rbnfrule value="19">diznove;</rbnfrule>
                <rbnfrule value="20">vint→%%msco-with-i→;</rbnfrule>
                <rbnfrule value="30">trent→%%msco-with-a→;</rbnfrule>
                <rbnfrule value="40">cuarant→%%msco-with-a→;</rbnfrule>
                <rbnfrule value="50">sincuant→%%msco-with-a→;</rbnfrule>
                <rbnfrule value="60">sesant→%%msco-with-a→;</rbnfrule>
                <rbnfrule value="70">setant→%%msco-with-a→;</rbnfrule>
                <rbnfrule value="80">otant→%%msco-with-a→;</rbnfrule>
                <rbnfrule value="90">novant→%%msco-with-a→;</rbnfrule>
                <rbnfrule value="100">sent→%%msco-with-o→;</rbnfrule>
                <rbnfrule value="200">←←zent→%%msco-with-o→;</rbnfrule>
                <rbnfrule value="400">←←­sent→%%msco-with-o→;</rbnfrule>
                <rbnfrule value="1000">miłe[­→→];</rbnfrule>
                <rbnfrule value="2000">←%%msc-no-final←­miła[­→→];</rbnfrule>
                <rbnfrule value="1000000">un miłion[ →→];</rbnfrule>
                <rbnfrule value="2000000">←%spellout-cardinal-masculine← miłioni[ →→];</rbnfrule>
                <rbnfrule value="1000000000">un miliardo[ →→];</rbnfrule>
                <rbnfrule value="2000000000">←%spellout-cardinal-masculine← miłiardi[ →→];</rbnfrule>
                <rbnfrule value="1000000000000">un bilione[ →→];</rbnfrule>
                <rbnfrule value="2000000000000">←%spellout-cardinal-masculine← biłioni[ →→];</rbnfrule>
                <rbnfrule value="1000000000000000">un biliardo[ →→];</rbnfrule>
                <rbnfrule value="2000000000000000">←%spellout-cardinal-masculine← biłiardi[ →→];</rbnfrule>
                <rbnfrule value="1000000000000000000">=#,##0=;</rbnfrule>
            </ruleset>
            <ruleset type="msco-with-i" access="private">
                <rbnfrule value="0">i;</rbnfrule>
                <rbnfrule value="1">­iun;</rbnfrule>
                <rbnfrule value="2">i­dó;</rbnfrule>
                <rbnfrule value="3">i­trè;</rbnfrule>
                <rbnfrule value="4">i­=%spellout-numbering=;</rbnfrule>
            </ruleset>
            <ruleset type="msco-with-a" access="private">
                <rbnfrule value="0">a;</rbnfrule>
                <rbnfrule value="1">­aun;</rbnfrule>
                <rbnfrule value="2">a­dó;</rbnfrule>
                <rbnfrule value="3">a­trè;</rbnfrule>
                <rbnfrule value="4">a­=%spellout-numbering=;</rbnfrule>
            </ruleset>
            <ruleset type="msco-with-o" access="private">
                <rbnfrule value="0">o;</rbnfrule>
                <rbnfrule value="1">o­un;</rbnfrule>
                <rbnfrule value="2">o­dó;</rbnfrule>
                <rbnfrule value="3">o­trè;</rbnfrule>
                <rbnfrule value="4">o­=%spellout-numbering=;</rbnfrule>
            </ruleset>
            <ruleset type="spellout-cardinal-masculine">
                <rbnfrule value="-x">manca →→;</rbnfrule>
                <rbnfrule value="x.x">←← vìrgoła →→;</rbnfrule>
                <rbnfrule value="0">zero;</rbnfrule>
                <rbnfrule value="1">un;</rbnfrule>
                <rbnfrule value="2">du;</rbnfrule>
                <rbnfrule value="3">tri;</rbnfrule>
                <rbnfrule value="4">­=%spellout-numbering=;</rbnfrule>
                <rbnfrule value="20">vint→%%msc-with-i→;</rbnfrule>
                <rbnfrule value="30">trent→%%msc-with-a→;</rbnfrule>
                <rbnfrule value="40">cuarant→%%msc-with-a→;</rbnfrule>
                <rbnfrule value="50">sincuant→%%msc-with-a→;</rbnfrule>
                <rbnfrule value="60">sesant→%%msc-with-a→;</rbnfrule>
                <rbnfrule value="70">setant→%%msc-with-a→;</rbnfrule>
                <rbnfrule value="80">otant→%%msc-with-a→;</rbnfrule>
                <rbnfrule value="90">novant→%%msc-with-a→;</rbnfrule>
                <rbnfrule value="100">sent→%%msc-with-o→;</rbnfrule>
                <rbnfrule value="200">←←zent→%%msc-with-o→;</rbnfrule>
                <rbnfrule value="400">←←­sent→%%msc-with-o→;</rbnfrule>
                <rbnfrule value="1000">miłe[­→→];</rbnfrule>
                <rbnfrule value="2000">←%%msc-no-final←­miła[­→→];</rbnfrule>
                <rbnfrule value="1000000">un miłion[ →→];</rbnfrule>
                <rbnfrule value="2000000">←%spellout-cardinal-masculine← miłioni[ →→];</rbnfrule>
                <rbnfrule value="1000000000">un miliardo[ →→];</rbnfrule>
                <rbnfrule value="2000000000">←%spellout-cardinal-masculine← miłiardi[ →→];</rbnfrule>
                <rbnfrule value="1000000000000">un bilione[ →→];</rbnfrule>
                <rbnfrule value="2000000000000">←%spellout-cardinal-masculine← biłioni[ →→];</rbnfrule>
                <rbnfrule value="1000000000000000">un biliardo[ →→];</rbnfrule>
                <rbnfrule value="2000000000000000">←%spellout-cardinal-masculine← biłiardi[ →→];</rbnfrule>
                <rbnfrule value="1000000000000000000">=#,##0=;</rbnfrule>
            </ruleset>
            <ruleset type="msc-with-i" access="private">
                <rbnfrule value="0">i;</rbnfrule>
                <rbnfrule value="1">­iun;</rbnfrule>
                <rbnfrule value="2">­idù;</rbnfrule>
                <rbnfrule value="3">­itrì;</rbnfrule>
                <rbnfrule value="4">=%%msco-with-i=;</rbnfrule>
            </ruleset>
            <ruleset type="msc-with-a" access="private">
                <rbnfrule value="0">a;</rbnfrule>
                <rbnfrule value="1">­aun;</rbnfrule>
                <rbnfrule value="2">­adù;</rbnfrule>
                <rbnfrule value="3">­atrì;</rbnfrule>
                <rbnfrule value="4">=%%msco-with-a=;</rbnfrule>
            </ruleset>
            <ruleset type="msc-with-o" access="private">
                <rbnfrule value="0">o;</rbnfrule>
                <rbnfrule value="1">o­un;</rbnfrule>
                <rbnfrule value="2">o­dù;</rbnfrule>
                <rbnfrule value="3">o­trì;</rbnfrule>
                <rbnfrule value="4">o­=%spellout-numbering=;</rbnfrule>
            </ruleset>
            <ruleset type="msc-no-final" access="private">
                <rbnfrule value="0">=%spellout-cardinal-masculine=;</rbnfrule>
                <rbnfrule value="20">vint→%%msc-with-i-nofinal→;</rbnfrule>
                <rbnfrule value="30">trent→%%msc-with-a-nofinal→;</rbnfrule>
                <rbnfrule value="40">cuarant→%%msc-with-a-nofinal→;</rbnfrule>
                <rbnfrule value="50">sincuant→%%msc-with-a-nofinal→;</rbnfrule>
                <rbnfrule value="60">sesant→%%msc-with-a-nofinal→;</rbnfrule>
                <rbnfrule value="70">setant→%%msc-with-a-nofinal→;</rbnfrule>
                <rbnfrule value="80">otant→%%msc-with-a-nofinal→;</rbnfrule>
                <rbnfrule value="90">novant→%%msc-with-a-nofinal→;</rbnfrule>
                <rbnfrule value="100">sent→%%msc-with-o-nofinal→;</rbnfrule>
                <rbnfrule value="200">←←­zent→%%msc-with-o-nofinal→;</rbnfrule>
                <rbnfrule value="400">←←­sent→%%msc-with-o-nofinal→;</rbnfrule>
            </ruleset>
            <ruleset type="msc-with-i-nofinal" access="private">
                <rbnfrule value="0">=%%msc-with-i=;</rbnfrule>
                <rbnfrule value="1">iun;</rbnfrule>
                <rbnfrule value="2">i­dù;</rbnfrule>
                <rbnfrule value="3">i­trì;</rbnfrule>
                <rbnfrule value="4">=%%msc-with-i=;</rbnfrule>
            </ruleset>
            <ruleset type="msc-with-a-nofinal" access="private">
                <rbnfrule value="0">=%%msc-with-a=;</rbnfrule>
                <rbnfrule value="1">aun;</rbnfrule>
                <rbnfrule value="2">a­dù;</rbnfrule>
                <rbnfrule value="3">a­trì;</rbnfrule>
                <rbnfrule value="4">=%%msc-with-a=;</rbnfrule>
            </ruleset>
            <ruleset type="msc-with-o-nofinal" access="private">
                <rbnfrule value="0">=%%msc-with-o=;</rbnfrule>
                <rbnfrule value="1">oun;</rbnfrule>
                <rbnfrule value="2">o­dù;</rbnfrule>
                <rbnfrule value="3">o­trì;</rbnfrule>
                <rbnfrule value="4">=%%msc-with-o=;</rbnfrule>
            </ruleset>
            <ruleset type="spellout-cardinal-feminine">
                <rbnfrule value="-x">manca →→;</rbnfrule>
                <rbnfrule value="x.x">←← vìrgoła →→;</rbnfrule>
                <rbnfrule value="0">zero;</rbnfrule>
                <rbnfrule value="1">una;</rbnfrule>
                <rbnfrule value="2">=%spellout-numbering=;</rbnfrule>
                <rbnfrule value="20">vent→%%fem-with-i→;</rbnfrule>
                <rbnfrule value="30">trent→%%fem-with-a→;</rbnfrule>
                <rbnfrule value="40">cuarant→%%fem-with-a→;</rbnfrule>
                <rbnfrule value="50">sincuant→%%fem-with-a→;</rbnfrule>
                <rbnfrule value="60">sesant→%%fem-with-a→;</rbnfrule>
                <rbnfrule value="70">settant→%%fem-with-a→;</rbnfrule>
                <rbnfrule value="80">otant→%%fem-with-a→;</rbnfrule>
                <rbnfrule value="90">novant→%%fem-with-a→;</rbnfrule>
                <rbnfrule value="100">sent→%%fem-with-o→;</rbnfrule>
                <rbnfrule value="200">←←­zent→%%fem-with-o→;</rbnfrule>
                <rbnfrule value="400">←←­sent→%%fem-with-o→;</rbnfrule>
                <rbnfrule value="1000">miłe[­→→];</rbnfrule>
                <rbnfrule value="2000">←%%msc-no-final←­miła[­→→];</rbnfrule>
                <rbnfrule value="1000000">un miłion[ →→];</rbnfrule>
                <rbnfrule value="2000000">←%spellout-cardinal-masculine← miłioni[ →→];</rbnfrule>
                <rbnfrule value="1000000000">un miliardo[ →→];</rbnfrule>
                <rbnfrule value="2000000000">←%spellout-cardinal-masculine← miłiardi[ →→];</rbnfrule>
                <rbnfrule value="1000000000000">un bilione[ →→];</rbnfrule>
                <rbnfrule value="2000000000000">←%spellout-cardinal-masculine← biłioni[ →→];</rbnfrule>
                <rbnfrule value="1000000000000000">un biliardo[ →→];</rbnfrule>
                <rbnfrule value="2000000000000000">←%spellout-cardinal-masculine← biłiardi[ →→];</rbnfrule>
                <rbnfrule value="1000000000000000000">=#,##0=;</rbnfrule>
            </ruleset>
            <ruleset type="fem-with-i" access="private">
                <rbnfrule value="0">i;</rbnfrule>
                <rbnfrule value="1">­iuna;</rbnfrule>
                <rbnfrule value="2">idó;</rbnfrule>
                <rbnfrule value="3">itrè;</rbnfrule>
                <rbnfrule value="4">=%%msco-with-i=;</rbnfrule>
            </ruleset>
            <ruleset type="fem-with-a" access="private">
                <rbnfrule value="0">a;</rbnfrule>
                <rbnfrule value="1">­auna;</rbnfrule>
                <rbnfrule value="2">adó;</rbnfrule>
                <rbnfrule value="3">atrè;</rbnfrule>
                <rbnfrule value="4">=%%msco-with-a=;</rbnfrule>
            </ruleset>
            <ruleset type="fem-with-o" access="private">
                <rbnfrule value="0">o;</rbnfrule>
                <rbnfrule value="1">­ouna;</rbnfrule>
                <rbnfrule value="2">odó;</rbnfrule>
                <rbnfrule value="3">otrè;</rbnfrule>
                <rbnfrule value="4">=%%msco-with-o=;</rbnfrule>
            </ruleset>
            <ruleset type="spellout-ordinal-masculine">
                <rbnfrule value="-x">manca →→;</rbnfrule>
                <rbnfrule value="x.x">=#,##0.#=;</rbnfrule>
                <rbnfrule value="0">zerèzemo;</rbnfrule>
                <rbnfrule value="1">primo;</rbnfrule>
                <rbnfrule value="2">segondo;</rbnfrule>
                <rbnfrule value="3">terso;</rbnfrule>
                <rbnfrule value="4">cuarto;</rbnfrule>
                <rbnfrule value="5">cuinto;</rbnfrule>
                <rbnfrule value="6">sesto;</rbnfrule>
                <rbnfrule value="7">sètemo;</rbnfrule>
                <rbnfrule value="8">otavo;</rbnfrule>
                <rbnfrule value="9">nono;</rbnfrule>
                <rbnfrule value="10">dèzemo;</rbnfrule>
                <rbnfrule value="11">undezèzemo;</rbnfrule>
                <rbnfrule value="12">dodezèzemo;</rbnfrule>
                <rbnfrule value="13">tredezèzemo;</rbnfrule>
                <rbnfrule value="14">cuatordezèzemo;</rbnfrule>
                <rbnfrule value="15">cuindezèzemo;</rbnfrule>
                <rbnfrule value="16">sedezèzemo;</rbnfrule>
                <rbnfrule value="17">disetèzemo;</rbnfrule>
                <rbnfrule value="18">dizdotèzemo;</rbnfrule>
                <rbnfrule value="19">diznovèzemo;</rbnfrule>
                <rbnfrule value="20">vent→%%ordinal-ezemo-with-i→;</rbnfrule>
                <rbnfrule value="30">trent→%%ordinal-ezemo-with-a→;</rbnfrule>
                <rbnfrule value="40">cuarant→%%ordinal-ezemo-with-a→;</rbnfrule>
                <rbnfrule value="50">sincuant→%%ordinal-ezemo-with-a→;</rbnfrule>
                <rbnfrule value="60">sesant→%%ordinal-ezemo-with-a→;</rbnfrule>
                <rbnfrule value="70">setant→%%ordinal-ezemo-with-a→;</rbnfrule>
                <rbnfrule value="80">otant→%%ordinal-ezemo-with-a→;</rbnfrule>
                <rbnfrule value="90">novant→%%ordinal-ezemo-with-a→;</rbnfrule>
                <rbnfrule value="100">sent→%%ordinal-ezemo-with-o→;</rbnfrule>
                <rbnfrule value="200">←%spellout-cardinal-masculine←­zent→%%ordinal-ezemo-with-o→;</rbnfrule>
                <rbnfrule value="400">←%spellout-cardinal-masculine←­sent→%%ordinal-ezemo-with-o→;</rbnfrule>
                <rbnfrule value="1000">miłe­→%%ordinal-ezemo→;</rbnfrule>
                <rbnfrule value="2000">←%spellout-cardinal-masculine←­miłe­→%%ordinal-ezemo→;</rbnfrule>
                <rbnfrule value="2001">←%spellout-cardinal-masculine←­miła­→%%ordinal-ezemo→;</rbnfrule>
                <rbnfrule value="1000000">miłion­→%%ordinal-ezemo→;</rbnfrule>
                <rbnfrule value="2000000">←%spellout-cardinal-masculine←miłion­→%%ordinal-ezemo→;</rbnfrule>
                <rbnfrule value="1000000000">miłiard­→%%ordinal-ezemo-with-o→;</rbnfrule>
                <rbnfrule value="2000000000">←%spellout-cardinal-masculine←miłiard­→%%ordinal-ezemo-with-o→;</rbnfrule>
                <rbnfrule value="1000000000000">biłion­→%%ordinal-ezemo→;</rbnfrule>
                <rbnfrule value="2000000000000">←%spellout-cardinal-masculine←biłion­→%%ordinal-ezemo→;</rbnfrule>
                <rbnfrule value="1000000000000000">biłiard­→%%ordinal-ezemo-with-o→;</rbnfrule>
                <rbnfrule value="2000000000000000">←%spellout-cardinal-masculine←biłiard­→%%ordinal-ezemo-with-o→;</rbnfrule>
                <rbnfrule value="1000000000000000000">=#,##0=;</rbnfrule>
            </ruleset>
            <ruleset type="ordinal-ezemo" access="private">
                <rbnfrule value="0">èzemo;</rbnfrule>
                <rbnfrule value="1">­unèzemo;</rbnfrule>
                <rbnfrule value="2">­duèzemo;</rbnfrule>
                <rbnfrule value="3">­treèzemo;</rbnfrule>
                <rbnfrule value="4">­cuatrèzemo;</rbnfrule>
                <rbnfrule value="5">­sincuèzemo;</rbnfrule>
                <rbnfrule value="6">­sièzemo;</rbnfrule>
                <rbnfrule value="7">­setèzemo;</rbnfrule>
                <rbnfrule value="8">­otèzemo;</rbnfrule>
                <rbnfrule value="9">­novèzemo;</rbnfrule>
                <rbnfrule value="10">=%spellout-ordinal-masculine=;</rbnfrule>
            </ruleset>
            <ruleset type="ordinal-ezemo-with-i" access="private">
                <rbnfrule value="0">èzemo;</rbnfrule>
                <rbnfrule value="1">i­unèzemo;</rbnfrule>
                <rbnfrule value="2">i­duèzemo;</rbnfrule>
                <rbnfrule value="3">i­treèzemo;</rbnfrule>
                <rbnfrule value="4">i­cuatrèzemo;</rbnfrule>
                <rbnfrule value="5">i­sincuèzemo;</rbnfrule>
                <rbnfrule value="6">i­sièzemo;</rbnfrule>
                <rbnfrule value="7">i­setèzemo;</rbnfrule>
                <rbnfrule value="8">i­otèzemo;</rbnfrule>
                <rbnfrule value="9">i­novèzemo;</rbnfrule>
                <rbnfrule value="10">=%spellout-ordinal-masculine=;</rbnfrule>
            </ruleset>
            <ruleset type="ordinal-ezemo-with-a" access="private">
                <rbnfrule value="0">èzemo;</rbnfrule>
                <rbnfrule value="1">a­unèzemo;</rbnfrule>
                <rbnfrule value="2">a­duèzemo;</rbnfrule>
                <rbnfrule value="3">a­treèzemo;</rbnfrule>
                <rbnfrule value="4">a­cuatrèzemo;</rbnfrule>
                <rbnfrule value="5">a­sincuèzemo;</rbnfrule>
                <rbnfrule value="6">a­sièzemo;</rbnfrule>
                <rbnfrule value="7">a­setèzemo;</rbnfrule>
                <rbnfrule value="8">a­otèzemo;</rbnfrule>
                <rbnfrule value="9">a­novèzemo;</rbnfrule>
                <rbnfrule value="10">=%spellout-ordinal-masculine=;</rbnfrule>
            </ruleset>
            <ruleset type="ordinal-ezemo-with-o" access="private">
                <rbnfrule value="0">èzemo;</rbnfrule>
                <rbnfrule value="1">o­unèzemo;</rbnfrule>
                <rbnfrule value="2">o­duèzemo;</rbnfrule>
                <rbnfrule value="3">o­treèzemo;</rbnfrule>
                <rbnfrule value="4">o­cuatrèzemo;</rbnfrule>
                <rbnfrule value="5">o­sincuèzemo;</rbnfrule>
                <rbnfrule value="6">o­sièzemo;</rbnfrule>
                <rbnfrule value="7">o­setèzemo;</rbnfrule>
                <rbnfrule value="8">o­otèzemo;</rbnfrule>
                <rbnfrule value="9">o­novèzemo;</rbnfrule>
                <rbnfrule value="10">o­=%spellout-ordinal-masculine=;</rbnfrule>
            </ruleset>
            <ruleset type="spellout-ordinal-feminine">
                <rbnfrule value="-x">manca →→;</rbnfrule>
                <rbnfrule value="x.x">=#,##0.#=;</rbnfrule>
                <rbnfrule value="0">zerèzema;</rbnfrule>
                <rbnfrule value="1">prima;</rbnfrule>
                <rbnfrule value="2">segonda;</rbnfrule>
                <rbnfrule value="3">tersa;</rbnfrule>
                <rbnfrule value="4">cuarta;</rbnfrule>
                <rbnfrule value="5">cuinta;</rbnfrule>
                <rbnfrule value="6">sesta;</rbnfrule>
                <rbnfrule value="7">sètema;</rbnfrule>
                <rbnfrule value="8">otava;</rbnfrule>
                <rbnfrule value="9">nona;</rbnfrule>
                <rbnfrule value="10">dèzema;</rbnfrule>
                <rbnfrule value="11">undezèzema;</rbnfrule>
                <rbnfrule value="12">dodezèzema;</rbnfrule>
                <rbnfrule value="13">tredezèzema;</rbnfrule>
                <rbnfrule value="14">cuatordezèzema;</rbnfrule>
                <rbnfrule value="15">cuindezèzema;</rbnfrule>
                <rbnfrule value="16">sedezèzema;</rbnfrule>
                <rbnfrule value="17">disetèzema;</rbnfrule>
                <rbnfrule value="18">dizdotèzema;</rbnfrule>
                <rbnfrule value="19">diznovèzema;</rbnfrule>
                <rbnfrule value="20">vent→%%ordinal-ezema-with-i→;</rbnfrule>
                <rbnfrule value="30">trent→%%ordinal-ezema-with-a→;</rbnfrule>
                <rbnfrule value="40">cuarant→%%ordinal-ezema-with-a→;</rbnfrule>
                <rbnfrule value="50">sincuant→%%ordinal-ezema-with-a→;</rbnfrule>
                <rbnfrule value="60">sesant→%%ordinal-ezema-with-a→;</rbnfrule>
                <rbnfrule value="70">setant→%%ordinal-ezema-with-a→;</rbnfrule>
                <rbnfrule value="80">otant→%%ordinal-ezema-with-a→;</rbnfrule>
                <rbnfrule value="90">novant→%%ordinal-ezema-with-a→;</rbnfrule>
                <rbnfrule value="100">sent→%%ordinal-ezema-with-o→;</rbnfrule>
                <rbnfrule value="200">←%spellout-cardinal-feminine←­zent→%%ordinal-ezema-with-o→;</rbnfrule>
                <rbnfrule value="400">←%spellout-cardinal-feminine←­sent→%%ordinal-ezema-with-o→;</rbnfrule>
                <rbnfrule value="1000">miłe­→%%ordinal-ezema→;</rbnfrule>
                <rbnfrule value="2000">←%spellout-cardinal-feminine←­miłe­→%%ordinal-ezema→;</rbnfrule>
                <rbnfrule value="2001">←%spellout-cardinal-feminine←­miła­→%%ordinal-ezema→;</rbnfrule>
                <rbnfrule value="1000000">miłion­→%%ordinal-ezema→;</rbnfrule>
                <rbnfrule value="2000000">←%spellout-cardinal-feminine←miłion­→%%ordinal-ezema→;</rbnfrule>
                <rbnfrule value="1000000000">miłiard­→%%ordinal-ezema-with-o→;</rbnfrule>
                <rbnfrule value="2000000000">←%spellout-cardinal-feminine←miłiard­→%%ordinal-ezema-with-o→;</rbnfrule>
                <rbnfrule value="1000000000000">biłione­→%%ordinal-ezema→;</rbnfrule>
                <rbnfrule value="2000000000000">←%spellout-cardinal-feminine←biłion­→%%ordinal-ezema→;</rbnfrule>
                <rbnfrule value="1000000000000000">biłiard­→%%ordinal-ezema-with-o→;</rbnfrule>
                <rbnfrule value="2000000000000000">←%spellout-cardinal-feminine←biłiard­→%%ordinal-ezema-with-o→;</rbnfrule>
                <rbnfrule value="1000000000000000000">=#,##0=;</rbnfrule>
            </ruleset>
            <ruleset type="ordinal-ezema" access="private">
                <rbnfrule value="0">èzema;</rbnfrule>
                <rbnfrule value="1">­unèzema;</rbnfrule>
                <rbnfrule value="2">­doèzema;</rbnfrule>
                <rbnfrule value="3">­treèzema;</rbnfrule>
                <rbnfrule value="4">­cuatrèzema;</rbnfrule>
                <rbnfrule value="5">­sincuèzema;</rbnfrule>
                <rbnfrule value="6">­sièzema;</rbnfrule>
                <rbnfrule value="7">­setèzema;</rbnfrule>
                <rbnfrule value="8">­otèzema;</rbnfrule>
                <rbnfrule value="9">­novèzema;</rbnfrule>
                <rbnfrule value="10">=%spellout-ordinal-feminine=;</rbnfrule>
            </ruleset>
            <ruleset type="ordinal-ezema-with-i" access="private">
                <rbnfrule value="0">èzema;</rbnfrule>
                <rbnfrule value="1">i­unèzema;</rbnfrule>
                <rbnfrule value="2">i­doèzema;</rbnfrule>
                <rbnfrule value="3">i­treèzema;</rbnfrule>
                <rbnfrule value="4">i­cuatrèzema;</rbnfrule>
                <rbnfrule value="5">i­sincuèzema;</rbnfrule>
                <rbnfrule value="6">i­sièzema;</rbnfrule>
                <rbnfrule value="7">i­setèzema;</rbnfrule>
                <rbnfrule value="8">i­otèzema;</rbnfrule>
                <rbnfrule value="9">i­novèzema;</rbnfrule>
                <rbnfrule value="10">=%spellout-ordinal-feminine=;</rbnfrule>
            </ruleset>
            <ruleset type="ordinal-ezema-with-a" access="private">
                <rbnfrule value="0">èzema;</rbnfrule>
                <rbnfrule value="1">a­unèzema;</rbnfrule>
                <rbnfrule value="2">a­doèzema;</rbnfrule>
                <rbnfrule value="3">a­treèzema;</rbnfrule>
                <rbnfrule value="4">a­cuatrèzema;</rbnfrule>
                <rbnfrule value="5">a­sincuèzema;</rbnfrule>
                <rbnfrule value="6">a­sièzema;</rbnfrule>
                <rbnfrule value="7">a­setèzema;</rbnfrule>
                <rbnfrule value="8">a­otèzema;</rbnfrule>
                <rbnfrule value="9">a­novèzema;</rbnfrule>
                <rbnfrule value="10">=%spellout-ordinal-feminine=;</rbnfrule>
            </ruleset>
            <ruleset type="ordinal-ezema-with-o" access="private">
                <rbnfrule value="0">èzema;</rbnfrule>
                <rbnfrule value="1">o­unèzema;</rbnfrule>
                <rbnfrule value="2">o­doèzema;</rbnfrule>
                <rbnfrule value="3">o­treèzema;</rbnfrule>
                <rbnfrule value="4">o­cuatrèzema;</rbnfrule>
                <rbnfrule value="5">o­sincuèzema;</rbnfrule>
                <rbnfrule value="6">o­sièzema;</rbnfrule>
                <rbnfrule value="7">o­setèzema;</rbnfrule>
                <rbnfrule value="8">o­otèzema;</rbnfrule>
                <rbnfrule value="9">o­novèzema;</rbnfrule>
                <rbnfrule value="10">o­=%spellout-ordinal-feminine=;</rbnfrule>
            </ruleset>
        </rulesetGrouping>
    </rbnf>
</ldml>